slot,timestamp,depot_id,price_per_kwh,period,source
0,2026-10-02 18:00,DEPOT-01,10.498,peak,simulated
1,2026-10-02 18:15,DEPOT-01,10.449,peak,simulated
2,2026-10-02 18:30,DEPOT-01,10.606,peak,simulated
3,2026-10-02 18:45,DEPOT-01,10.943,peak,simulated
4,2026-10-02 19:00,DEPOT-01,10.529,peak,simulated
5,2026-10-02 19:15,DEPOT-01,10.703,peak,simulated
6,2026-10-02 19:30,DEPOT-01,9.854,peak,simulated
7,2026-10-02 19:45,DEPOT-01,10.485,peak,simulated
8,2026-10-02 20:00,DEPOT-01,10.234,peak,simulated
9,2026-10-02 20:15,DEPOT-01,10.116,peak,simulated
10,2026-10-02 20:30,DEPOT-01,10.223,peak,simulated
11,2026-10-02 20:45,DEPOT-01,10.395,peak,simulated
12,2026-10-02 21:00,DEPOT-01,10.789,peak,simulated
13,2026-10-02 21:15,DEPOT-01,10.082,peak,simulated
14,2026-10-02 21:30,DEPOT-01,10.51,peak,simulated
15,2026-10-02 21:45,DEPOT-01,10.347,peak,simulated
16,2026-10-02 22:00,DEPOT-01,4.456,offpeak,simulated
17,2026-10-02 22:15,DEPOT-01,4.635,offpeak,simulated
18,2026-10-02 22:30,DEPOT-01,4.573,offpeak,simulated
19,2026-10-02 22:45,DEPOT-01,4.681,offpeak,simulated
20,2026-10-02 23:00,DEPOT-01,4.479,offpeak,simulated
21,2026-10-02 23:15,DEPOT-01,4.406,offpeak,simulated
22,2026-10-02 23:30,DEPOT-01,4.47,offpeak,simulated
23,2026-10-02 23:45,DEPOT-01,4.533,offpeak,simulated
24,2026-10-03 00:00,DEPOT-01,4.524,offpeak,simulated
25,2026-10-03 00:15,DEPOT-01,4.354,offpeak,simulated
26,2026-10-03 00:30,DEPOT-01,4.512,offpeak,simulated
27,2026-10-03 00:45,DEPOT-01,4.531,offpeak,simulated
28,2026-10-03 01:00,DEPOT-01,4.84,offpeak,simulated
29,2026-10-03 01:15,DEPOT-01,4.753,offpeak,simulated
30,2026-10-03 01:30,DEPOT-01,4.385,offpeak,simulated
31,2026-10-03 01:45,DEPOT-01,4.461,offpeak,simulated
32,2026-10-03 02:00,DEPOT-01,4.302,offpeak,simulated
33,2026-10-03 02:15,DEPOT-01,4.42,offpeak,simulated
34,2026-10-03 02:30,DEPOT-01,4.543,offpeak,simulated
35,2026-10-03 02:45,DEPOT-01,4.663,offpeak,simulated
36,2026-10-03 03:00,DEPOT-01,4.402,offpeak,simulated
37,2026-10-03 03:15,DEPOT-01,4.412,offpeak,simulated
38,2026-10-03 03:30,DEPOT-01,4.21,offpeak,simulated
39,2026-10-03 03:45,DEPOT-01,4.478,offpeak,simulated
40,2026-10-03 04:00,DEPOT-01,4.357,offpeak,simulated
41,2026-10-03 04:15,DEPOT-01,4.429,offpeak,simulated
42,2026-10-03 04:30,DEPOT-01,4.382,offpeak,simulated
43,2026-10-03 04:45,DEPOT-01,4.487,offpeak,simulated
44,2026-10-03 05:00,DEPOT-01,4.263,offpeak,simulated
45,2026-10-03 05:15,DEPOT-01,4.302,offpeak,simulated
46,2026-10-03 05:30,DEPOT-01,4.787,offpeak,simulated
47,2026-10-03 05:45,DEPOT-01,4.326,offpeak,simulated
48,2026-10-03 06:00,DEPOT-01,6.77,shoulder,simulated
49,2026-10-03 06:15,DEPOT-01,7.386,shoulder,simulated
50,2026-10-03 06:30,DEPOT-01,7.61,shoulder,simulated
51,2026-10-03 06:45,DEPOT-01,6.754,shoulder,simulated
52,2026-10-03 07:00,DEPOT-01,6.923,shoulder,simulated
53,2026-10-03 07:15,DEPOT-01,7.072,shoulder,simulated
54,2026-10-03 07:30,DEPOT-01,7.363,shoulder,simulated
55,2026-10-03 07:45,DEPOT-01,6.793,shoulder,simulated
56,2026-10-03 08:00,DEPOT-01,6.948,shoulder,simulated
57,2026-10-03 08:15,DEPOT-01,7.163,shoulder,simulated
58,2026-10-03 08:30,DEPOT-01,7.091,shoulder,simulated
59,2026-10-03 08:45,DEPOT-01,6.921,shoulder,simulated
60,2026-10-03 09:00,DEPOT-01,6.972,shoulder,simulated
61,2026-10-03 09:15,DEPOT-01,6.711,shoulder,simulated
62,2026-10-03 09:30,DEPOT-01,6.95,shoulder,simulated
63,2026-10-03 09:45,DEPOT-01,6.944,shoulder,simulated
64,2026-10-03 10:00,DEPOT-01,7.049,shoulder,simulated
65,2026-10-03 10:15,DEPOT-01,6.883,shoulder,simulated
66,2026-10-03 10:30,DEPOT-01,7.099,shoulder,simulated
67,2026-10-03 10:45,DEPOT-01,7.213,shoulder,simulated
68,2026-10-03 11:00,DEPOT-01,7.033,shoulder,simulated
69,2026-10-03 11:15,DEPOT-01,7.074,shoulder,simulated
70,2026-10-03 11:30,DEPOT-01,7.011,shoulder,simulated
71,2026-10-03 11:45,DEPOT-01,7.0,shoulder,simulated
72,2026-10-03 12:00,DEPOT-01,6.848,shoulder,simulated
73,2026-10-03 12:15,DEPOT-01,7.066,shoulder,simulated
74,2026-10-03 12:30,DEPOT-01,6.98,shoulder,simulated
75,2026-10-03 12:45,DEPOT-01,7.44,shoulder,simulated
76,2026-10-03 13:00,DEPOT-01,7.33,shoulder,simulated
77,2026-10-03 13:15,DEPOT-01,7.081,shoulder,simulated
78,2026-10-03 13:30,DEPOT-01,6.84,shoulder,simulated
79,2026-10-03 13:45,DEPOT-01,6.766,shoulder,simulated
80,2026-10-03 14:00,DEPOT-01,7.25,shoulder,simulated
81,2026-10-03 14:15,DEPOT-01,7.055,shoulder,simulated
82,2026-10-03 14:30,DEPOT-01,7.101,shoulder,simulated
83,2026-10-03 14:45,DEPOT-01,6.634,shoulder,simulated
84,2026-10-03 15:00,DEPOT-01,7.195,shoulder,simulated
85,2026-10-03 15:15,DEPOT-01,7.095,shoulder,simulated
86,2026-10-03 15:30,DEPOT-01,6.767,shoulder,simulated
87,2026-10-03 15:45,DEPOT-01,6.901,shoulder,simulated
88,2026-10-03 16:00,DEPOT-01,7.055,shoulder,simulated
89,2026-10-03 16:15,DEPOT-01,7.011,shoulder,simulated
90,2026-10-03 16:30,DEPOT-01,6.939,shoulder,simulated
91,2026-10-03 16:45,DEPOT-01,6.978,shoulder,simulated
92,2026-10-03 17:00,DEPOT-01,6.947,shoulder,simulated
93,2026-10-03 17:15,DEPOT-01,7.032,shoulder,simulated
94,2026-10-03 17:30,DEPOT-01,7.309,shoulder,simulated
95,2026-10-03 17:45,DEPOT-01,6.461,shoulder,simulated
