trip_id,depot_id,departure_slot,return_slot,distance_km,payload_kg,temperature_c,priority,source
TRIP-001,DEPOT-01,52,60,53.4,1558.0,21.9,2,simulated
TRIP-002,DEPOT-01,45,55,75.1,1257.0,18.6,2,simulated
TRIP-003,DEPOT-01,57,65,63.4,1102.0,23.3,2,simulated
TRIP-004,DEPOT-01,71,80,73.5,2030.0,29.4,2,simulated
TRIP-005,DEPOT-01,73,81,22.0,2725.0,31.3,1,simulated
TRIP-006,DEPOT-01,55,75,133.3,2955.0,24.5,1,simulated
TRIP-007,DEPOT-01,6,17,110.7,2525.0,25.9,3,simulated
TRIP-008,DEPOT-01,47,55,29.9,622.0,19.7,2,simulated
TRIP-009,DEPOT-01,42,50,53.7,2538.0,16.8,2,simulated
TRIP-010,DEPOT-01,49,59,63.7,368.0,19.4,2,simulated
TRIP-011,DEPOT-01,49,59,72.8,2840.0,19.4,3,simulated
TRIP-012,DEPOT-01,48,56,40.9,551.0,19.8,3,simulated
TRIP-013,DEPOT-01,51,64,108.7,2955.0,20.9,3,simulated
TRIP-014,DEPOT-01,52,63,99.2,3001.0,21.9,1,simulated
TRIP-015,DEPOT-01,75,83,39.5,1894.0,31.7,2,simulated
TRIP-016,DEPOT-01,57,65,17.1,1499.0,23.3,2,simulated
TRIP-017,DEPOT-01,54,62,52.8,3141.0,23.1,3,simulated
TRIP-018,DEPOT-01,53,61,68.1,2130.0,24.2,2,simulated
