vehicle_id,model,depot_id,battery_capacity_kwh,soh,efficiency_kwh_per_km,payload_capacity_kg,max_ac_kw,max_dc_kw,current_soc_pct,available_from_slot,status,reserve_soc_pct,ceiling_soc_pct,source
EV-001,van_large,DEPOT-01,70.0,0.979,0.249,1200.0,11.0,50.0,8.0,10,available,15.0,90.0,simulated
EV-002,van_large,DEPOT-01,70.0,0.968,0.24,1200.0,11.0,50.0,22.2,0,maintenance,15.0,90.0,simulated
EV-003,truck,DEPOT-01,120.0,0.947,0.575,3500.0,11.0,80.0,42.0,0,available,15.0,90.0,simulated
EV-004,van_large,DEPOT-01,70.0,0.86,0.248,1200.0,11.0,50.0,34.3,9,available,15.0,90.0,simulated
EV-005,truck,DEPOT-01,120.0,0.984,0.541,3500.0,11.0,80.0,29.7,0,available,15.0,90.0,simulated
EV-006,van_small,DEPOT-01,40.0,0.873,0.163,600.0,7.4,50.0,67.1,5,available,15.0,90.0,simulated
EV-007,van_small,DEPOT-01,40.0,0.906,0.164,600.0,7.4,50.0,51.9,0,available,15.0,90.0,simulated
EV-008,van_large,DEPOT-01,70.0,0.884,0.246,1200.0,11.0,50.0,46.1,8,available,15.0,90.0,simulated
EV-009,van_small,DEPOT-01,40.0,0.975,0.161,600.0,7.4,50.0,36.8,0,available,15.0,90.0,simulated
EV-010,van_large,DEPOT-01,70.0,0.871,0.247,1200.0,11.0,50.0,36.0,9,available,15.0,90.0,simulated
EV-011,van_large,DEPOT-01,70.0,0.956,0.237,1200.0,11.0,50.0,27.9,0,available,15.0,90.0,simulated
EV-012,van_small,DEPOT-01,40.0,0.867,0.154,600.0,7.4,50.0,49.5,0,available,15.0,90.0,simulated
EV-013,van_large,DEPOT-01,70.0,0.945,0.246,1200.0,11.0,50.0,45.7,0,available,15.0,90.0,simulated
EV-014,van_small,DEPOT-01,40.0,0.916,0.165,600.0,7.4,50.0,32.1,1,available,15.0,90.0,simulated
EV-015,van_small,DEPOT-01,40.0,0.892,0.161,600.0,7.4,50.0,45.4,0,available,15.0,90.0,simulated
EV-016,van_large,DEPOT-01,70.0,0.95,0.237,1200.0,11.0,50.0,41.9,0,available,15.0,90.0,simulated
EV-017,van_small,DEPOT-01,40.0,0.864,0.152,600.0,7.4,50.0,42.3,0,available,15.0,90.0,simulated
EV-018,van_large,DEPOT-01,70.0,0.873,0.244,1200.0,11.0,50.0,45.0,0,available,15.0,90.0,simulated
EV-019,van_small,DEPOT-01,40.0,0.945,0.149,600.0,7.4,50.0,13.3,0,available,15.0,90.0,simulated
EV-020,truck,DEPOT-01,120.0,0.986,0.53,3500.0,11.0,80.0,29.3,3,available,15.0,90.0,simulated
