slot,timestamp,temperature_c,source
0,2026-10-02 18:00,27.6,simulated
1,2026-10-02 18:15,28.3,simulated
2,2026-10-02 18:30,26.1,simulated
3,2026-10-02 18:45,26.4,simulated
4,2026-10-02 19:00,25.1,simulated
5,2026-10-02 19:15,25.2,simulated
6,2026-10-02 19:30,25.9,simulated
7,2026-10-02 19:45,22.8,simulated
8,2026-10-02 20:00,24.4,simulated
9,2026-10-02 20:15,23.7,simulated
10,2026-10-02 20:30,22.4,simulated
11,2026-10-02 20:45,21.0,simulated
12,2026-10-02 21:00,22.0,simulated
13,2026-10-02 21:15,20.9,simulated
14,2026-10-02 21:30,21.2,simulated
15,2026-10-02 21:45,20.5,simulated
16,2026-10-02 22:00,21.6,simulated
17,2026-10-02 22:15,19.3,simulated
18,2026-10-02 22:30,18.1,simulated
19,2026-10-02 22:45,18.9,simulated
20,2026-10-02 23:00,18.6,simulated
21,2026-10-02 23:15,19.3,simulated
22,2026-10-02 23:30,18.5,simulated
23,2026-10-02 23:45,17.7,simulated
24,2026-10-03 00:00,18.5,simulated
25,2026-10-03 00:15,15.6,simulated
26,2026-10-03 00:30,16.0,simulated
27,2026-10-03 00:45,15.5,simulated
28,2026-10-03 01:00,15.9,simulated
29,2026-10-03 01:15,14.8,simulated
30,2026-10-03 01:30,16.7,simulated
31,2026-10-03 01:45,15.8,simulated
32,2026-10-03 02:00,14.5,simulated
33,2026-10-03 02:15,15.0,simulated
34,2026-10-03 02:30,16.4,simulated
35,2026-10-03 02:45,17.0,simulated
36,2026-10-03 03:00,18.3,simulated
37,2026-10-03 03:15,19.3,simulated
38,2026-10-03 03:30,17.0,simulated
39,2026-10-03 03:45,15.8,simulated
40,2026-10-03 04:00,14.9,simulated
41,2026-10-03 04:15,17.6,simulated
42,2026-10-03 04:30,16.8,simulated
43,2026-10-03 04:45,17.6,simulated
44,2026-10-03 05:00,17.7,simulated
45,2026-10-03 05:15,18.6,simulated
46,2026-10-03 05:30,20.2,simulated
47,2026-10-03 05:45,19.7,simulated
48,2026-10-03 06:00,19.8,simulated
49,2026-10-03 06:15,19.4,simulated
50,2026-10-03 06:30,19.3,simulated
51,2026-10-03 06:45,20.9,simulated
52,2026-10-03 07:00,21.9,simulated
53,2026-10-03 07:15,24.2,simulated
54,2026-10-03 07:30,23.1,simulated
55,2026-10-03 07:45,24.5,simulated
56,2026-10-03 08:00,23.5,simulated
57,2026-10-03 08:15,23.3,simulated
58,2026-10-03 08:30,24.1,simulated
59,2026-10-03 08:45,24.8,simulated
60,2026-10-03 09:00,28.2,simulated
61,2026-10-03 09:15,25.8,simulated
62,2026-10-03 09:30,27.9,simulated
63,2026-10-03 09:45,26.6,simulated
64,2026-10-03 10:00,28.9,simulated
65,2026-10-03 10:15,28.8,simulated
66,2026-10-03 10:30,28.7,simulated
67,2026-10-03 10:45,29.2,simulated
68,2026-10-03 11:00,29.0,simulated
69,2026-10-03 11:15,30.5,simulated
70,2026-10-03 11:30,29.9,simulated
71,2026-10-03 11:45,29.4,simulated
72,2026-10-03 12:00,29.7,simulated
73,2026-10-03 12:15,31.3,simulated
74,2026-10-03 12:30,33.0,simulated
75,2026-10-03 12:45,31.7,simulated
76,2026-10-03 13:00,31.6,simulated
77,2026-10-03 13:15,32.1,simulated
78,2026-10-03 13:30,33.2,simulated
79,2026-10-03 13:45,32.2,simulated
80,2026-10-03 14:00,31.6,simulated
81,2026-10-03 14:15,33.1,simulated
82,2026-10-03 14:30,32.4,simulated
83,2026-10-03 14:45,33.4,simulated
84,2026-10-03 15:00,31.9,simulated
85,2026-10-03 15:15,30.4,simulated
86,2026-10-03 15:30,30.0,simulated
87,2026-10-03 15:45,32.8,simulated
88,2026-10-03 16:00,32.7,simulated
89,2026-10-03 16:15,30.5,simulated
90,2026-10-03 16:30,30.0,simulated
91,2026-10-03 16:45,31.5,simulated
92,2026-10-03 17:00,28.5,simulated
93,2026-10-03 17:15,28.4,simulated
94,2026-10-03 17:30,29.5,simulated
95,2026-10-03 17:45,28.0,simulated
