slot,site_kw,site_limit_kw,price_per_kwh,timestamp,plan
0,106.2,150.0,10.189,2026-10-02 18:00,baseline
1,106.2,150.0,10.423,2026-10-02 18:15,baseline
2,106.2,150.0,10.745,2026-10-02 18:30,baseline
3,106.2,150.0,10.637,2026-10-02 18:45,baseline
4,106.2,150.0,10.382,2026-10-02 19:00,baseline
5,106.2,150.0,10.458,2026-10-02 19:15,baseline
6,102.6,150.0,10.067,2026-10-02 19:30,baseline
7,89.7,150.0,10.425,2026-10-02 19:45,baseline
8,96.37,150.0,10.416,2026-10-02 20:00,baseline
9,85.57,150.0,10.573,2026-10-02 20:15,baseline
10,99.94,150.0,10.325,2026-10-02 20:30,baseline
11,102.6,150.0,10.649,2026-10-02 20:45,baseline
12,97.12,150.0,10.819,2026-10-02 21:00,baseline
13,103.76,150.0,10.549,2026-10-02 21:15,baseline
14,109.8,150.0,10.611,2026-10-02 21:30,baseline
15,109.8,150.0,10.517,2026-10-02 21:45,baseline
16,102.9,150.0,4.5,2026-10-02 22:00,baseline
17,113.4,150.0,4.403,2026-10-02 22:15,baseline
18,113.4,150.0,4.543,2026-10-02 22:30,baseline
19,107.65,150.0,4.487,2026-10-02 22:45,baseline
20,96.16,150.0,4.783,2026-10-02 23:00,baseline
21,102.6,150.0,4.712,2026-10-02 23:15,baseline
22,99.4,150.0,4.552,2026-10-02 23:30,baseline
23,100.77,150.0,4.397,2026-10-02 23:45,baseline
24,102.41,150.0,4.35,2026-10-03 00:00,baseline
25,80.61,150.0,4.661,2026-10-03 00:15,baseline
26,83.5,150.0,4.535,2026-10-03 00:30,baseline
27,109.8,150.0,4.565,2026-10-03 00:45,baseline
28,109.8,150.0,4.264,2026-10-03 01:00,baseline
29,109.8,150.0,4.625,2026-10-03 01:15,baseline
30,109.8,150.0,4.561,2026-10-03 01:30,baseline
31,90.45,150.0,4.35,2026-10-03 01:45,baseline
32,75.24,150.0,4.436,2026-10-03 02:00,baseline
33,58.8,150.0,4.536,2026-10-03 02:15,baseline
34,53.93,150.0,4.507,2026-10-03 02:30,baseline
35,44.0,150.0,4.461,2026-10-03 02:45,baseline
36,44.0,150.0,4.486,2026-10-03 03:00,baseline
37,44.0,150.0,4.466,2026-10-03 03:15,baseline
38,44.0,150.0,4.521,2026-10-03 03:30,baseline
39,37.26,150.0,4.699,2026-10-03 03:45,baseline
40,33.0,150.0,4.154,2026-10-03 04:00,baseline
41,33.0,150.0,4.468,2026-10-03 04:15,baseline
42,33.0,150.0,4.524,2026-10-03 04:30,baseline
43,33.0,150.0,4.54,2026-10-03 04:45,baseline
44,33.0,150.0,4.45,2026-10-03 05:00,baseline
45,33.0,150.0,4.263,2026-10-03 05:15,baseline
46,33.0,150.0,4.544,2026-10-03 05:30,baseline
47,33.0,150.0,4.733,2026-10-03 05:45,baseline
48,11.0,150.0,6.678,2026-10-03 06:00,baseline
49,0.0,150.0,7.181,2026-10-03 06:15,baseline
50,0.0,150.0,6.931,2026-10-03 06:30,baseline
51,0.0,150.0,6.987,2026-10-03 06:45,baseline
52,0.0,150.0,6.779,2026-10-03 07:00,baseline
53,0.0,150.0,6.93,2026-10-03 07:15,baseline
54,0.0,150.0,7.273,2026-10-03 07:30,baseline
55,0.0,150.0,7.122,2026-10-03 07:45,baseline
56,44.0,150.0,7.364,2026-10-03 08:00,baseline
57,55.0,150.0,7.247,2026-10-03 08:15,baseline
58,44.37,150.0,7.092,2026-10-03 08:30,baseline
59,31.11,150.0,7.366,2026-10-03 08:45,baseline
60,22.0,150.0,7.092,2026-10-03 09:00,baseline
61,22.0,150.0,7.174,2026-10-03 09:15,baseline
62,11.0,150.0,6.938,2026-10-03 09:30,baseline
63,11.0,150.0,7.014,2026-10-03 09:45,baseline
64,11.0,150.0,6.854,2026-10-03 10:00,baseline
65,11.0,150.0,7.208,2026-10-03 10:15,baseline
66,11.0,150.0,6.753,2026-10-03 10:30,baseline
67,11.0,150.0,7.164,2026-10-03 10:45,baseline
68,22.0,150.0,6.96,2026-10-03 11:00,baseline
69,33.0,150.0,7.246,2026-10-03 11:15,baseline
70,44.0,150.0,7.158,2026-10-03 11:30,baseline
71,33.0,150.0,7.382,2026-10-03 11:45,baseline
72,33.0,150.0,7.153,2026-10-03 12:00,baseline
73,22.0,150.0,6.67,2026-10-03 12:15,baseline
74,11.0,150.0,6.986,2026-10-03 12:30,baseline
75,11.0,150.0,6.754,2026-10-03 12:45,baseline
76,11.0,150.0,6.891,2026-10-03 13:00,baseline
77,9.75,150.0,7.317,2026-10-03 13:15,baseline
78,0.0,150.0,7.134,2026-10-03 13:30,baseline
79,11.0,150.0,6.853,2026-10-03 13:45,baseline
80,11.0,150.0,6.787,2026-10-03 14:00,baseline
81,22.0,150.0,7.007,2026-10-03 14:15,baseline
82,33.0,150.0,6.745,2026-10-03 14:30,baseline
83,33.0,150.0,6.859,2026-10-03 14:45,baseline
84,33.0,150.0,7.066,2026-10-03 15:00,baseline
85,44.0,150.0,7.243,2026-10-03 15:15,baseline
86,41.95,150.0,7.128,2026-10-03 15:30,baseline
87,33.0,150.0,6.519,2026-10-03 15:45,baseline
88,33.0,150.0,7.064,2026-10-03 16:00,baseline
89,33.0,150.0,7.015,2026-10-03 16:15,baseline
90,33.0,150.0,7.087,2026-10-03 16:30,baseline
91,33.0,150.0,7.339,2026-10-03 16:45,baseline
92,33.0,150.0,6.567,2026-10-03 17:00,baseline
93,33.0,150.0,6.876,2026-10-03 17:15,baseline
94,33.0,150.0,7.124,2026-10-03 17:30,baseline
95,33.0,150.0,6.668,2026-10-03 17:45,baseline
0,11.0,150.0,10.189,2026-10-02 18:00,optimized
1,11.0,150.0,10.423,2026-10-02 18:15,optimized
2,11.0,150.0,10.745,2026-10-02 18:30,optimized
3,11.0,150.0,10.637,2026-10-02 18:45,optimized
4,11.0,150.0,10.382,2026-10-02 19:00,optimized
5,11.0,150.0,10.458,2026-10-02 19:15,optimized
6,24.88,150.0,10.067,2026-10-02 19:30,optimized
7,24.88,150.0,10.425,2026-10-02 19:45,optimized
8,24.88,150.0,10.416,2026-10-02 20:00,optimized
9,24.88,150.0,10.573,2026-10-02 20:15,optimized
10,24.88,150.0,10.325,2026-10-02 20:30,optimized
11,24.88,150.0,10.649,2026-10-02 20:45,optimized
12,24.88,150.0,10.819,2026-10-02 21:00,optimized
13,24.88,150.0,10.549,2026-10-02 21:15,optimized
14,24.88,150.0,10.611,2026-10-02 21:30,optimized
15,24.88,150.0,10.517,2026-10-02 21:45,optimized
16,24.88,150.0,4.5,2026-10-02 22:00,optimized
17,24.88,150.0,4.403,2026-10-02 22:15,optimized
18,24.88,150.0,4.543,2026-10-02 22:30,optimized
19,0.0,150.0,4.487,2026-10-02 22:45,optimized
20,0.0,150.0,4.783,2026-10-02 23:00,optimized
21,24.88,150.0,4.712,2026-10-02 23:15,optimized
22,24.88,150.0,4.552,2026-10-02 23:30,optimized
23,24.88,150.0,4.397,2026-10-02 23:45,optimized
24,24.88,150.0,4.35,2026-10-03 00:00,optimized
25,24.88,150.0,4.661,2026-10-03 00:15,optimized
26,24.88,150.0,4.535,2026-10-03 00:30,optimized
27,24.88,150.0,4.565,2026-10-03 00:45,optimized
28,24.88,150.0,4.264,2026-10-03 01:00,optimized
29,24.88,150.0,4.625,2026-10-03 01:15,optimized
30,24.88,150.0,4.561,2026-10-03 01:30,optimized
31,24.88,150.0,4.35,2026-10-03 01:45,optimized
32,24.88,150.0,4.436,2026-10-03 02:00,optimized
33,24.88,150.0,4.536,2026-10-03 02:15,optimized
34,24.88,150.0,4.507,2026-10-03 02:30,optimized
35,24.88,150.0,4.461,2026-10-03 02:45,optimized
36,24.88,150.0,4.486,2026-10-03 03:00,optimized
37,24.88,150.0,4.466,2026-10-03 03:15,optimized
38,24.88,150.0,4.521,2026-10-03 03:30,optimized
39,24.88,150.0,4.699,2026-10-03 03:45,optimized
40,24.88,150.0,4.154,2026-10-03 04:00,optimized
41,24.88,150.0,4.468,2026-10-03 04:15,optimized
42,24.88,150.0,4.524,2026-10-03 04:30,optimized
43,24.88,150.0,4.54,2026-10-03 04:45,optimized
44,24.88,150.0,4.45,2026-10-03 05:00,optimized
45,24.88,150.0,4.263,2026-10-03 05:15,optimized
46,24.88,150.0,4.544,2026-10-03 05:30,optimized
47,24.88,150.0,4.733,2026-10-03 05:45,optimized
48,24.88,150.0,6.678,2026-10-03 06:00,optimized
49,24.88,150.0,7.181,2026-10-03 06:15,optimized
50,24.88,150.0,6.931,2026-10-03 06:30,optimized
51,11.0,150.0,6.987,2026-10-03 06:45,optimized
52,0.0,150.0,6.779,2026-10-03 07:00,optimized
53,0.0,150.0,6.93,2026-10-03 07:15,optimized
54,0.0,150.0,7.273,2026-10-03 07:30,optimized
55,0.0,150.0,7.122,2026-10-03 07:45,optimized
56,24.88,150.0,7.364,2026-10-03 08:00,optimized
57,24.88,150.0,7.247,2026-10-03 08:15,optimized
58,24.88,150.0,7.092,2026-10-03 08:30,optimized
59,24.88,150.0,7.366,2026-10-03 08:45,optimized
60,24.88,150.0,7.092,2026-10-03 09:00,optimized
61,24.88,150.0,7.174,2026-10-03 09:15,optimized
62,11.0,150.0,6.938,2026-10-03 09:30,optimized
63,11.0,150.0,7.014,2026-10-03 09:45,optimized
64,11.0,150.0,6.854,2026-10-03 10:00,optimized
65,0.0,150.0,7.208,2026-10-03 10:15,optimized
66,11.0,150.0,6.753,2026-10-03 10:30,optimized
67,0.63,150.0,7.164,2026-10-03 10:45,optimized
68,11.0,150.0,6.96,2026-10-03 11:00,optimized
69,24.88,150.0,7.246,2026-10-03 11:15,optimized
70,24.88,150.0,7.158,2026-10-03 11:30,optimized
71,24.88,150.0,7.382,2026-10-03 11:45,optimized
72,24.88,150.0,7.153,2026-10-03 12:00,optimized
73,24.88,150.0,6.67,2026-10-03 12:15,optimized
74,24.88,150.0,6.986,2026-10-03 12:30,optimized
75,24.88,150.0,6.754,2026-10-03 12:45,optimized
76,0.0,150.0,6.891,2026-10-03 13:00,optimized
77,0.0,150.0,7.317,2026-10-03 13:15,optimized
78,0.0,150.0,7.134,2026-10-03 13:30,optimized
79,0.0,150.0,6.853,2026-10-03 13:45,optimized
80,0.0,150.0,6.787,2026-10-03 14:00,optimized
81,0.0,150.0,7.007,2026-10-03 14:15,optimized
82,0.0,150.0,6.745,2026-10-03 14:30,optimized
83,0.0,150.0,6.859,2026-10-03 14:45,optimized
84,0.0,150.0,7.066,2026-10-03 15:00,optimized
85,0.0,150.0,7.243,2026-10-03 15:15,optimized
86,0.0,150.0,7.128,2026-10-03 15:30,optimized
87,0.0,150.0,6.519,2026-10-03 15:45,optimized
88,0.0,150.0,7.064,2026-10-03 16:00,optimized
89,0.0,150.0,7.015,2026-10-03 16:15,optimized
90,0.0,150.0,7.087,2026-10-03 16:30,optimized
91,0.0,150.0,7.339,2026-10-03 16:45,optimized
92,0.0,150.0,6.567,2026-10-03 17:00,optimized
93,0.0,150.0,6.876,2026-10-03 17:15,optimized
94,0.0,150.0,7.124,2026-10-03 17:30,optimized
95,0.0,150.0,6.668,2026-10-03 17:45,optimized
