trip_id,vehicle_id,served,required_energy_kwh,departure_soc_pct,plan
TRIP-007,EV-003,True,77.595,42.0,baseline
TRIP-009,EV-003,True,38.202,42.0,baseline
TRIP-002,EV-005,True,47.1,29.7,baseline
TRIP-008,EV-008,True,8.72,46.1,baseline
TRIP-012,EV-006,True,8.344,67.1,baseline
TRIP-010,EV-007,True,12.549,51.9,baseline
TRIP-011,EV-020,True,47.608,29.3,baseline
TRIP-013,,False,0.0,0.0,baseline
TRIP-001,EV-003,True,36.031,42.0,baseline
TRIP-014,,False,0.0,0.0,baseline
TRIP-018,,False,0.0,0.0,baseline
TRIP-017,,False,0.0,0.0,baseline
TRIP-006,,False,0.0,0.0,baseline
TRIP-003,EV-008,True,19.519,46.1,baseline
TRIP-016,EV-005,True,10.83,29.7,baseline
TRIP-004,EV-003,True,51.099,42.0,baseline
TRIP-005,EV-005,True,15.007,29.7,baseline
TRIP-015,EV-020,True,25.635,29.3,baseline
TRIP-014,EV-003,True,70.814,42.0,optimized
TRIP-006,EV-020,True,87.556,29.3,optimized
TRIP-005,EV-003,True,15.95,42.0,optimized
TRIP-009,EV-003,True,38.202,42.0,optimized
TRIP-002,EV-005,True,47.1,29.7,optimized
TRIP-008,EV-013,True,8.72,45.7,optimized
TRIP-010,EV-006,True,12.472,67.1,optimized
TRIP-001,,False,0.0,0.0,optimized
TRIP-018,,False,0.0,0.0,optimized
TRIP-003,EV-013,True,19.519,45.7,optimized
TRIP-016,EV-005,True,10.83,29.7,optimized
TRIP-004,EV-005,True,48.078,29.7,optimized
TRIP-015,,False,0.0,0.0,optimized
TRIP-007,EV-003,True,77.595,42.0,optimized
TRIP-012,EV-008,True,11.83,46.1,optimized
TRIP-011,,False,0.0,0.0,optimized
TRIP-013,,False,0.0,0.0,optimized
TRIP-017,,False,0.0,0.0,optimized
