vehicle_id,charger_id,charger_type,slot,power_kw_grid,energy_to_battery_kwh,price_per_kwh,timestamp,plan
EV-003,CH-AC-02,AC,0,11.0,2.53,10.498,2026-10-02 18:00,baseline
EV-005,CH-AC-06,AC,0,11.0,2.53,10.498,2026-10-02 18:00,baseline
EV-007,CH-AC-03,AC,0,7.4,1.702,10.498,2026-10-02 18:00,baseline
EV-009,CH-AC-05,AC,0,7.4,1.702,10.498,2026-10-02 18:00,baseline
EV-011,CH-AC-04,AC,0,11.0,2.53,10.498,2026-10-02 18:00,baseline
EV-012,CH-AC-01,AC,0,7.4,1.702,10.498,2026-10-02 18:00,baseline
EV-013,CH-DC-02,DC,0,25.5,5.992,10.498,2026-10-02 18:00,baseline
EV-015,CH-DC-01,DC,0,9.3,2.186,10.498,2026-10-02 18:00,baseline
EV-003,CH-AC-02,AC,1,11.0,2.53,10.449,2026-10-02 18:15,baseline
EV-005,CH-AC-06,AC,1,11.0,2.53,10.449,2026-10-02 18:15,baseline
EV-007,CH-AC-03,AC,1,7.4,1.702,10.449,2026-10-02 18:15,baseline
EV-009,CH-AC-05,AC,1,7.4,1.702,10.449,2026-10-02 18:15,baseline
EV-011,CH-AC-04,AC,1,11.0,2.53,10.449,2026-10-02 18:15,baseline
EV-012,CH-AC-01,AC,1,7.4,1.702,10.449,2026-10-02 18:15,baseline
EV-013,CH-DC-02,DC,1,25.5,5.992,10.449,2026-10-02 18:15,baseline
EV-014,CH-DC-01,DC,1,9.3,2.186,10.449,2026-10-02 18:15,baseline
EV-003,CH-AC-02,AC,2,11.0,2.53,10.606,2026-10-02 18:30,baseline
EV-005,CH-AC-06,AC,2,11.0,2.53,10.606,2026-10-02 18:30,baseline
EV-007,CH-AC-03,AC,2,7.4,1.702,10.606,2026-10-02 18:30,baseline
EV-009,CH-AC-05,AC,2,7.4,1.702,10.606,2026-10-02 18:30,baseline
EV-011,CH-AC-04,AC,2,11.0,2.53,10.606,2026-10-02 18:30,baseline
EV-012,CH-AC-01,AC,2,7.4,1.702,10.606,2026-10-02 18:30,baseline
EV-013,CH-DC-02,DC,2,25.5,5.992,10.606,2026-10-02 18:30,baseline
EV-014,CH-DC-01,DC,2,9.3,2.186,10.606,2026-10-02 18:30,baseline
EV-003,CH-AC-02,AC,3,11.0,2.53,10.943,2026-10-02 18:45,baseline
EV-005,CH-AC-06,AC,3,11.0,2.53,10.943,2026-10-02 18:45,baseline
EV-007,CH-AC-03,AC,3,7.4,1.702,10.943,2026-10-02 18:45,baseline
EV-009,CH-AC-05,AC,3,7.4,1.702,10.943,2026-10-02 18:45,baseline
EV-011,CH-AC-04,AC,3,11.0,2.53,10.943,2026-10-02 18:45,baseline
EV-012,CH-AC-01,AC,3,7.4,1.702,10.943,2026-10-02 18:45,baseline
EV-013,CH-DC-02,DC,3,25.5,5.992,10.943,2026-10-02 18:45,baseline
EV-014,CH-DC-01,DC,3,9.3,2.186,10.943,2026-10-02 18:45,baseline
EV-003,CH-AC-02,AC,4,11.0,2.53,10.529,2026-10-02 19:00,baseline
EV-005,CH-AC-06,AC,4,11.0,2.53,10.529,2026-10-02 19:00,baseline
EV-007,CH-AC-03,AC,4,7.4,1.702,10.529,2026-10-02 19:00,baseline
EV-009,CH-AC-05,AC,4,7.4,1.702,10.529,2026-10-02 19:00,baseline
EV-011,CH-AC-04,AC,4,11.0,2.53,10.529,2026-10-02 19:00,baseline
EV-012,CH-AC-01,AC,4,7.4,1.702,10.529,2026-10-02 19:00,baseline
EV-013,CH-DC-02,DC,4,22.7,5.334,10.529,2026-10-02 19:00,baseline
EV-014,CH-DC-01,DC,4,12.1,2.844,10.529,2026-10-02 19:00,baseline
EV-003,CH-AC-02,AC,5,11.0,2.53,10.703,2026-10-02 19:15,baseline
EV-005,CH-AC-06,AC,5,11.0,2.53,10.703,2026-10-02 19:15,baseline
EV-006,CH-AC-01,AC,5,7.4,1.702,10.703,2026-10-02 19:15,baseline
EV-007,CH-AC-03,AC,5,7.4,1.702,10.703,2026-10-02 19:15,baseline
EV-009,CH-AC-05,AC,5,7.4,1.702,10.703,2026-10-02 19:15,baseline
EV-011,CH-AC-04,AC,5,11.0,2.53,10.703,2026-10-02 19:15,baseline
EV-012,CH-DC-02,DC,5,23.55,5.535,10.703,2026-10-02 19:15,baseline
EV-014,CH-DC-01,DC,5,11.25,2.643,10.703,2026-10-02 19:15,baseline
EV-005,CH-AC-06,AC,6,11.0,2.53,9.854,2026-10-02 19:30,baseline
EV-006,CH-AC-01,AC,6,7.4,1.702,9.854,2026-10-02 19:30,baseline
EV-007,CH-AC-03,AC,6,7.4,1.702,9.854,2026-10-02 19:30,baseline
EV-009,CH-AC-05,AC,6,7.4,1.702,9.854,2026-10-02 19:30,baseline
EV-011,CH-AC-04,AC,6,11.0,2.53,9.854,2026-10-02 19:30,baseline
EV-014,CH-AC-02,AC,6,7.4,1.702,9.854,2026-10-02 19:30,baseline
EV-015,CH-DC-02,DC,6,25.5,5.992,9.854,2026-10-02 19:30,baseline
EV-016,CH-DC-01,DC,6,12.9,3.032,9.854,2026-10-02 19:30,baseline
EV-005,CH-AC-06,AC,7,11.0,2.53,10.485,2026-10-02 19:45,baseline
EV-006,CH-AC-01,AC,7,7.4,1.702,10.485,2026-10-02 19:45,baseline
EV-007,CH-AC-03,AC,7,7.4,1.702,10.485,2026-10-02 19:45,baseline
EV-009,CH-AC-05,AC,7,7.4,1.702,10.485,2026-10-02 19:45,baseline
EV-011,CH-AC-04,AC,7,11.0,2.53,10.485,2026-10-02 19:45,baseline
EV-014,CH-AC-02,AC,7,7.4,1.702,10.485,2026-10-02 19:45,baseline
EV-015,CH-DC-02,DC,7,25.5,5.992,10.485,2026-10-02 19:45,baseline
EV-016,CH-DC-01,DC,7,12.9,3.032,10.485,2026-10-02 19:45,baseline
EV-005,CH-AC-06,AC,8,11.0,2.53,10.234,2026-10-02 20:00,baseline
EV-006,CH-AC-01,AC,8,7.4,1.702,10.234,2026-10-02 20:00,baseline
EV-007,CH-AC-03,AC,8,0.83,0.191,10.234,2026-10-02 20:00,baseline
EV-008,CH-AC-02,AC,8,11.0,2.53,10.234,2026-10-02 20:00,baseline
EV-009,CH-AC-05,AC,8,7.4,1.702,10.234,2026-10-02 20:00,baseline
EV-011,CH-AC-04,AC,8,11.0,2.53,10.234,2026-10-02 20:00,baseline
EV-014,CH-DC-01,DC,8,24.54,5.767,10.234,2026-10-02 20:00,baseline
EV-015,CH-DC-02,DC,8,7.41,1.742,10.234,2026-10-02 20:00,baseline
EV-004,CH-AC-03,AC,9,11.0,2.53,10.116,2026-10-02 20:15,baseline
EV-005,CH-AC-06,AC,9,11.0,2.53,10.116,2026-10-02 20:15,baseline
EV-006,CH-AC-01,AC,9,5.17,1.189,10.116,2026-10-02 20:15,baseline
EV-008,CH-AC-02,AC,9,11.0,2.53,10.116,2026-10-02 20:15,baseline
EV-009,CH-AC-05,AC,9,7.4,1.702,10.116,2026-10-02 20:15,baseline
EV-010,CH-AC-04,AC,9,11.0,2.53,10.116,2026-10-02 20:15,baseline
EV-011,CH-DC-01,DC,9,25.5,5.992,10.116,2026-10-02 20:15,baseline
EV-016,CH-DC-02,DC,9,7.93,1.864,10.116,2026-10-02 20:15,baseline
EV-001,CH-AC-01,AC,10,11.0,2.53,10.223,2026-10-02 20:30,baseline
EV-004,CH-AC-03,AC,10,11.0,2.53,10.223,2026-10-02 20:30,baseline
EV-005,CH-AC-06,AC,10,11.0,2.53,10.223,2026-10-02 20:30,baseline
EV-008,CH-AC-02,AC,10,11.0,2.53,10.223,2026-10-02 20:30,baseline
EV-009,CH-AC-05,AC,10,7.4,1.702,10.223,2026-10-02 20:30,baseline
EV-010,CH-AC-04,AC,10,11.0,2.53,10.223,2026-10-02 20:30,baseline
EV-011,CH-DC-01,DC,10,25.5,5.992,10.223,2026-10-02 20:30,baseline
EV-016,CH-DC-02,DC,10,2.1,0.493,10.223,2026-10-02 20:30,baseline
EV-001,CH-AC-01,AC,11,11.0,2.53,10.395,2026-10-02 20:45,baseline
EV-004,CH-AC-03,AC,11,11.0,2.53,10.395,2026-10-02 20:45,baseline
EV-005,CH-AC-06,AC,11,11.0,2.53,10.395,2026-10-02 20:45,baseline
EV-008,CH-AC-02,AC,11,11.0,2.53,10.395,2026-10-02 20:45,baseline
EV-009,CH-AC-05,AC,11,7.4,1.702,10.395,2026-10-02 20:45,baseline
EV-010,CH-AC-04,AC,11,11.0,2.53,10.395,2026-10-02 20:45,baseline
EV-011,CH-DC-01,DC,11,25.5,5.992,10.395,2026-10-02 20:45,baseline
EV-016,CH-DC-02,DC,11,2.1,0.493,10.395,2026-10-02 20:45,baseline
EV-001,CH-AC-01,AC,12,11.0,2.53,10.789,2026-10-02 21:00,baseline
EV-004,CH-AC-03,AC,12,11.0,2.53,10.789,2026-10-02 21:00,baseline
EV-005,CH-AC-06,AC,12,11.0,2.53,10.789,2026-10-02 21:00,baseline
EV-008,CH-AC-02,AC,12,11.0,2.53,10.789,2026-10-02 21:00,baseline
EV-009,CH-AC-05,AC,12,1.41,0.324,10.789,2026-10-02 21:00,baseline
EV-010,CH-AC-04,AC,12,11.0,2.53,10.789,2026-10-02 21:00,baseline
EV-011,CH-DC-01,DC,12,3.44,0.809,10.789,2026-10-02 21:00,baseline
EV-016,CH-DC-02,DC,12,25.5,5.992,10.789,2026-10-02 21:00,baseline
EV-001,CH-AC-01,AC,13,11.0,2.53,10.082,2026-10-02 21:15,baseline
EV-004,CH-AC-03,AC,13,11.0,2.53,10.082,2026-10-02 21:15,baseline
EV-005,CH-AC-06,AC,13,11.0,2.53,10.082,2026-10-02 21:15,baseline
EV-008,CH-AC-02,AC,13,11.0,2.53,10.082,2026-10-02 21:15,baseline
EV-010,CH-AC-04,AC,13,11.0,2.53,10.082,2026-10-02 21:15,baseline
EV-016,CH-AC-05,AC,13,11.0,2.53,10.082,2026-10-02 21:15,baseline
EV-017,CH-DC-01,DC,13,24.0,5.64,10.082,2026-10-02 21:15,baseline
EV-001,CH-AC-01,AC,14,11.0,2.53,10.51,2026-10-02 21:30,baseline
EV-004,CH-AC-03,AC,14,11.0,2.53,10.51,2026-10-02 21:30,baseline
EV-005,CH-AC-06,AC,14,11.0,2.53,10.51,2026-10-02 21:30,baseline
EV-008,CH-AC-02,AC,14,11.0,2.53,10.51,2026-10-02 21:30,baseline
EV-010,CH-AC-04,AC,14,11.0,2.53,10.51,2026-10-02 21:30,baseline
EV-016,CH-AC-05,AC,14,11.0,2.53,10.51,2026-10-02 21:30,baseline
EV-017,CH-DC-01,DC,14,24.0,5.64,10.51,2026-10-02 21:30,baseline
EV-001,CH-AC-01,AC,15,11.0,2.53,10.347,2026-10-02 21:45,baseline
EV-004,CH-AC-03,AC,15,11.0,2.53,10.347,2026-10-02 21:45,baseline
EV-005,CH-AC-06,AC,15,11.0,2.53,10.347,2026-10-02 21:45,baseline
EV-008,CH-AC-02,AC,15,11.0,2.53,10.347,2026-10-02 21:45,baseline
EV-010,CH-AC-04,AC,15,11.0,2.53,10.347,2026-10-02 21:45,baseline
EV-016,CH-AC-05,AC,15,11.0,2.53,10.347,2026-10-02 21:45,baseline
EV-017,CH-DC-01,DC,15,22.15,5.205,10.347,2026-10-02 21:45,baseline
EV-018,CH-DC-02,DC,15,1.85,0.435,10.347,2026-10-02 21:45,baseline
EV-001,CH-AC-01,AC,16,11.0,2.53,4.456,2026-10-02 22:00,baseline
EV-004,CH-AC-03,AC,16,11.0,2.53,4.456,2026-10-02 22:00,baseline
EV-005,CH-AC-06,AC,16,11.0,2.53,4.456,2026-10-02 22:00,baseline
EV-008,CH-AC-02,AC,16,11.0,2.53,4.456,2026-10-02 22:00,baseline
EV-010,CH-AC-04,AC,16,11.0,2.53,4.456,2026-10-02 22:00,baseline
EV-016,CH-AC-05,AC,16,11.0,2.53,4.456,2026-10-02 22:00,baseline
EV-018,CH-DC-02,DC,16,24.0,5.64,4.456,2026-10-02 22:00,baseline
EV-001,CH-AC-01,AC,17,11.0,2.53,4.635,2026-10-02 22:15,baseline
EV-003,CH-AC-05,AC,17,11.0,2.53,4.635,2026-10-02 22:15,baseline
EV-004,CH-AC-03,AC,17,11.0,2.53,4.635,2026-10-02 22:15,baseline
EV-005,CH-AC-06,AC,17,11.0,2.53,4.635,2026-10-02 22:15,baseline
EV-008,CH-AC-02,AC,17,11.0,2.53,4.635,2026-10-02 22:15,baseline
EV-010,CH-AC-04,AC,17,11.0,2.53,4.635,2026-10-02 22:15,baseline
EV-016,CH-DC-01,DC,17,24.0,5.64,4.635,2026-10-02 22:15,baseline
EV-001,CH-AC-01,AC,18,11.0,2.53,4.573,2026-10-02 22:30,baseline
EV-003,CH-AC-05,AC,18,11.0,2.53,4.573,2026-10-02 22:30,baseline
EV-004,CH-AC-03,AC,18,11.0,2.53,4.573,2026-10-02 22:30,baseline
EV-005,CH-AC-06,AC,18,11.0,2.53,4.573,2026-10-02 22:30,baseline
EV-008,CH-AC-02,AC,18,8.11,1.865,4.573,2026-10-02 22:30,baseline
EV-010,CH-AC-04,AC,18,11.0,2.53,4.573,2026-10-02 22:30,baseline
EV-016,CH-DC-01,DC,18,5.62,1.321,4.573,2026-10-02 22:30,baseline
EV-018,CH-DC-02,DC,18,21.27,4.999,4.573,2026-10-02 22:30,baseline
EV-001,CH-AC-01,AC,19,11.0,2.53,4.681,2026-10-02 22:45,baseline
EV-003,CH-AC-05,AC,19,11.0,2.53,4.681,2026-10-02 22:45,baseline
EV-004,CH-AC-03,AC,19,11.0,2.53,4.681,2026-10-02 22:45,baseline
EV-005,CH-AC-06,AC,19,11.0,2.53,4.681,2026-10-02 22:45,baseline
EV-010,CH-AC-04,AC,19,11.0,2.53,4.681,2026-10-02 22:45,baseline
EV-018,CH-AC-02,AC,19,11.0,2.53,4.681,2026-10-02 22:45,baseline
EV-019,CH-DC-01,DC,19,24.0,5.64,4.681,2026-10-02 22:45,baseline
EV-001,CH-AC-01,AC,20,11.0,2.53,4.479,2026-10-02 23:00,baseline
EV-003,CH-AC-05,AC,20,11.0,2.53,4.479,2026-10-02 23:00,baseline
EV-004,CH-AC-03,AC,20,11.0,2.53,4.479,2026-10-02 23:00,baseline
EV-005,CH-AC-06,AC,20,11.0,2.53,4.479,2026-10-02 23:00,baseline
EV-010,CH-AC-04,AC,20,11.0,2.53,4.479,2026-10-02 23:00,baseline
EV-018,CH-AC-02,AC,20,11.0,2.53,4.479,2026-10-02 23:00,baseline
EV-019,CH-DC-01,DC,20,24.0,5.64,4.479,2026-10-02 23:00,baseline
EV-001,CH-AC-01,AC,21,11.0,2.53,4.406,2026-10-02 23:15,baseline
EV-003,CH-AC-05,AC,21,11.0,2.53,4.406,2026-10-02 23:15,baseline
EV-004,CH-AC-03,AC,21,11.0,2.53,4.406,2026-10-02 23:15,baseline
EV-005,CH-AC-06,AC,21,11.0,2.53,4.406,2026-10-02 23:15,baseline
EV-010,CH-AC-04,AC,21,11.0,2.53,4.406,2026-10-02 23:15,baseline
EV-018,CH-AC-02,AC,21,11.0,2.53,4.406,2026-10-02 23:15,baseline
EV-019,CH-DC-01,DC,21,24.0,5.64,4.406,2026-10-02 23:15,baseline
EV-001,CH-AC-01,AC,22,11.0,2.53,4.47,2026-10-02 23:30,baseline
EV-003,CH-AC-05,AC,22,11.0,2.53,4.47,2026-10-02 23:30,baseline
EV-004,CH-AC-03,AC,22,2.79,0.641,4.47,2026-10-02 23:30,baseline
EV-005,CH-AC-06,AC,22,11.0,2.53,4.47,2026-10-02 23:30,baseline
EV-010,CH-AC-04,AC,22,0.15,0.034,4.47,2026-10-02 23:30,baseline
EV-018,CH-AC-02,AC,22,11.0,2.53,4.47,2026-10-02 23:30,baseline
EV-019,CH-DC-01,DC,22,25.5,5.992,4.47,2026-10-02 23:30,baseline
EV-020,CH-DC-02,DC,22,17.57,4.128,4.47,2026-10-02 23:30,baseline
EV-001,CH-AC-01,AC,23,11.0,2.53,4.533,2026-10-02 23:45,baseline
EV-003,CH-AC-05,AC,23,11.0,2.53,4.533,2026-10-02 23:45,baseline
EV-005,CH-AC-06,AC,23,11.0,2.53,4.533,2026-10-02 23:45,baseline
EV-018,CH-AC-02,AC,23,11.0,2.53,4.533,2026-10-02 23:45,baseline
EV-019,CH-AC-03,AC,23,7.4,1.702,4.533,2026-10-02 23:45,baseline
EV-020,CH-AC-04,AC,23,11.0,2.53,4.533,2026-10-02 23:45,baseline
EV-001,CH-AC-01,AC,24,11.0,2.53,4.524,2026-10-03 00:00,baseline
EV-003,CH-AC-05,AC,24,11.0,2.53,4.524,2026-10-03 00:00,baseline
EV-005,CH-AC-06,AC,24,11.0,2.53,4.524,2026-10-03 00:00,baseline
EV-018,CH-AC-02,AC,24,11.0,2.53,4.524,2026-10-03 00:00,baseline
EV-019,CH-AC-03,AC,24,7.4,1.702,4.524,2026-10-03 00:00,baseline
EV-020,CH-AC-04,AC,24,11.0,2.53,4.524,2026-10-03 00:00,baseline
EV-001,CH-AC-01,AC,25,11.0,2.53,4.354,2026-10-03 00:15,baseline
EV-003,CH-AC-05,AC,25,11.0,2.53,4.354,2026-10-03 00:15,baseline
EV-005,CH-AC-06,AC,25,11.0,2.53,4.354,2026-10-03 00:15,baseline
EV-018,CH-AC-02,AC,25,5.41,1.245,4.354,2026-10-03 00:15,baseline
EV-019,CH-AC-03,AC,25,7.4,1.702,4.354,2026-10-03 00:15,baseline
EV-020,CH-AC-04,AC,25,11.0,2.53,4.354,2026-10-03 00:15,baseline
EV-001,CH-AC-01,AC,26,11.0,2.53,4.512,2026-10-03 00:30,baseline
EV-003,CH-AC-05,AC,26,11.0,2.53,4.512,2026-10-03 00:30,baseline
EV-005,CH-AC-06,AC,26,11.0,2.53,4.512,2026-10-03 00:30,baseline
EV-019,CH-AC-03,AC,26,4.24,0.974,4.512,2026-10-03 00:30,baseline
EV-020,CH-AC-04,AC,26,11.0,2.53,4.512,2026-10-03 00:30,baseline
EV-001,CH-AC-01,AC,27,11.0,2.53,4.531,2026-10-03 00:45,baseline
EV-003,CH-AC-05,AC,27,11.0,2.53,4.531,2026-10-03 00:45,baseline
EV-005,CH-AC-06,AC,27,11.0,2.53,4.531,2026-10-03 00:45,baseline
EV-020,CH-AC-04,AC,27,11.0,2.53,4.531,2026-10-03 00:45,baseline
EV-001,CH-AC-01,AC,28,11.0,2.53,4.84,2026-10-03 01:00,baseline
EV-003,CH-AC-05,AC,28,11.0,2.53,4.84,2026-10-03 01:00,baseline
EV-005,CH-AC-06,AC,28,1.57,0.362,4.84,2026-10-03 01:00,baseline
EV-020,CH-AC-04,AC,28,11.0,2.53,4.84,2026-10-03 01:00,baseline
EV-001,CH-AC-01,AC,29,11.0,2.53,4.753,2026-10-03 01:15,baseline
EV-003,CH-AC-05,AC,29,11.0,2.53,4.753,2026-10-03 01:15,baseline
EV-020,CH-AC-04,AC,29,11.0,2.53,4.753,2026-10-03 01:15,baseline
EV-001,CH-AC-01,AC,30,11.0,2.53,4.385,2026-10-03 01:30,baseline
EV-003,CH-AC-05,AC,30,11.0,2.53,4.385,2026-10-03 01:30,baseline
EV-020,CH-AC-04,AC,30,11.0,2.53,4.385,2026-10-03 01:30,baseline
EV-001,CH-AC-01,AC,31,11.0,2.53,4.461,2026-10-03 01:45,baseline
EV-003,CH-AC-05,AC,31,11.0,2.53,4.461,2026-10-03 01:45,baseline
EV-020,CH-AC-04,AC,31,11.0,2.53,4.461,2026-10-03 01:45,baseline
EV-001,CH-AC-01,AC,32,2.33,0.535,4.302,2026-10-03 02:00,baseline
EV-003,CH-AC-05,AC,32,11.0,2.53,4.302,2026-10-03 02:00,baseline
EV-020,CH-AC-04,AC,32,11.0,2.53,4.302,2026-10-03 02:00,baseline
EV-003,CH-AC-05,AC,33,11.0,2.53,4.42,2026-10-03 02:15,baseline
EV-020,CH-AC-04,AC,33,11.0,2.53,4.42,2026-10-03 02:15,baseline
EV-003,CH-AC-05,AC,34,11.0,2.53,4.543,2026-10-03 02:30,baseline
EV-020,CH-AC-04,AC,34,11.0,2.53,4.543,2026-10-03 02:30,baseline
EV-003,CH-AC-05,AC,35,11.0,2.53,4.663,2026-10-03 02:45,baseline
EV-020,CH-AC-04,AC,35,11.0,2.53,4.663,2026-10-03 02:45,baseline
EV-003,CH-AC-05,AC,36,11.0,2.53,4.402,2026-10-03 03:00,baseline
EV-020,CH-AC-04,AC,36,11.0,2.53,4.402,2026-10-03 03:00,baseline
EV-003,CH-AC-05,AC,37,11.0,2.53,4.412,2026-10-03 03:15,baseline
EV-020,CH-AC-04,AC,37,11.0,2.53,4.412,2026-10-03 03:15,baseline
EV-003,CH-AC-05,AC,38,11.0,2.53,4.21,2026-10-03 03:30,baseline
EV-020,CH-AC-04,AC,38,11.0,2.53,4.21,2026-10-03 03:30,baseline
EV-003,CH-AC-05,AC,39,11.0,2.53,4.478,2026-10-03 03:45,baseline
EV-020,CH-AC-04,AC,39,11.0,2.53,4.478,2026-10-03 03:45,baseline
EV-003,CH-AC-05,AC,40,11.0,2.53,4.357,2026-10-03 04:00,baseline
EV-020,CH-AC-04,AC,40,11.0,2.53,4.357,2026-10-03 04:00,baseline
EV-003,CH-AC-05,AC,41,11.0,2.53,4.429,2026-10-03 04:15,baseline
EV-020,CH-AC-04,AC,41,11.0,2.53,4.429,2026-10-03 04:15,baseline
EV-020,CH-AC-04,AC,42,11.0,2.53,4.382,2026-10-03 04:30,baseline
EV-020,CH-AC-04,AC,43,11.0,2.53,4.487,2026-10-03 04:45,baseline
EV-020,CH-AC-04,AC,44,11.0,2.53,4.263,2026-10-03 05:00,baseline
EV-020,CH-AC-04,AC,45,11.0,2.53,4.302,2026-10-03 05:15,baseline
EV-020,CH-AC-04,AC,46,11.0,2.53,4.787,2026-10-03 05:30,baseline
EV-020,CH-AC-04,AC,47,11.0,2.53,4.326,2026-10-03 05:45,baseline
EV-020,CH-AC-04,AC,48,11.0,2.53,6.77,2026-10-03 06:00,baseline
EV-003,CH-AC-01,AC,50,11.0,2.53,7.61,2026-10-03 06:30,baseline
EV-003,CH-AC-01,AC,51,11.0,2.53,6.754,2026-10-03 06:45,baseline
EV-005,CH-AC-01,AC,55,11.0,2.53,6.793,2026-10-03 07:45,baseline
EV-008,CH-AC-02,AC,55,11.0,2.53,6.793,2026-10-03 07:45,baseline
EV-005,CH-AC-01,AC,56,11.0,2.53,6.948,2026-10-03 08:00,baseline
EV-006,CH-AC-03,AC,56,7.4,1.702,6.948,2026-10-03 08:00,baseline
EV-008,CH-AC-02,AC,56,11.0,2.53,6.948,2026-10-03 08:00,baseline
EV-006,CH-AC-03,AC,57,7.4,1.702,7.163,2026-10-03 08:15,baseline
EV-006,CH-AC-03,AC,58,7.4,1.702,7.091,2026-10-03 08:30,baseline
EV-006,CH-AC-03,AC,59,7.4,1.702,6.921,2026-10-03 08:45,baseline
EV-007,CH-AC-01,AC,59,7.4,1.702,6.921,2026-10-03 08:45,baseline
EV-020,CH-AC-02,AC,59,11.0,2.53,6.921,2026-10-03 08:45,baseline
EV-003,CH-AC-04,AC,60,11.0,2.53,6.972,2026-10-03 09:00,baseline
EV-006,CH-AC-03,AC,60,6.68,1.536,6.972,2026-10-03 09:00,baseline
EV-007,CH-AC-01,AC,60,7.4,1.702,6.972,2026-10-03 09:00,baseline
EV-020,CH-AC-02,AC,60,11.0,2.53,6.972,2026-10-03 09:00,baseline
EV-003,CH-AC-04,AC,61,11.0,2.53,6.711,2026-10-03 09:15,baseline
EV-007,CH-AC-01,AC,61,7.4,1.702,6.711,2026-10-03 09:15,baseline
EV-020,CH-AC-02,AC,61,11.0,2.53,6.711,2026-10-03 09:15,baseline
EV-003,CH-AC-04,AC,62,11.0,2.53,6.95,2026-10-03 09:30,baseline
EV-007,CH-AC-01,AC,62,7.4,1.702,6.95,2026-10-03 09:30,baseline
EV-020,CH-AC-02,AC,62,11.0,2.53,6.95,2026-10-03 09:30,baseline
EV-003,CH-AC-04,AC,63,11.0,2.53,6.944,2026-10-03 09:45,baseline
EV-007,CH-AC-01,AC,63,7.4,1.702,6.944,2026-10-03 09:45,baseline
EV-020,CH-AC-02,AC,63,11.0,2.53,6.944,2026-10-03 09:45,baseline
EV-003,CH-AC-04,AC,64,11.0,2.53,7.049,2026-10-03 10:00,baseline
EV-007,CH-AC-01,AC,64,7.4,1.702,7.049,2026-10-03 10:00,baseline
EV-020,CH-AC-02,AC,64,11.0,2.53,7.049,2026-10-03 10:00,baseline
EV-003,CH-AC-04,AC,65,11.0,2.53,6.883,2026-10-03 10:15,baseline
EV-005,CH-AC-03,AC,65,11.0,2.53,6.883,2026-10-03 10:15,baseline
EV-007,CH-AC-01,AC,65,7.4,1.702,6.883,2026-10-03 10:15,baseline
EV-008,CH-AC-05,AC,65,11.0,2.53,6.883,2026-10-03 10:15,baseline
EV-020,CH-AC-02,AC,65,11.0,2.53,6.883,2026-10-03 10:15,baseline
EV-003,CH-AC-04,AC,66,11.0,2.53,7.099,2026-10-03 10:30,baseline
EV-005,CH-AC-03,AC,66,11.0,2.53,7.099,2026-10-03 10:30,baseline
EV-007,CH-AC-01,AC,66,2.76,0.635,7.099,2026-10-03 10:30,baseline
EV-008,CH-AC-05,AC,66,11.0,2.53,7.099,2026-10-03 10:30,baseline
EV-020,CH-AC-02,AC,66,11.0,2.53,7.099,2026-10-03 10:30,baseline
EV-003,CH-AC-04,AC,67,11.0,2.53,7.213,2026-10-03 10:45,baseline
EV-005,CH-AC-03,AC,67,11.0,2.53,7.213,2026-10-03 10:45,baseline
EV-008,CH-AC-05,AC,67,11.0,2.53,7.213,2026-10-03 10:45,baseline
EV-020,CH-AC-02,AC,67,11.0,2.53,7.213,2026-10-03 10:45,baseline
EV-003,CH-AC-04,AC,68,11.0,2.53,7.033,2026-10-03 11:00,baseline
EV-005,CH-AC-03,AC,68,11.0,2.53,7.033,2026-10-03 11:00,baseline
EV-008,CH-AC-05,AC,68,11.0,2.53,7.033,2026-10-03 11:00,baseline
EV-020,CH-AC-02,AC,68,11.0,2.53,7.033,2026-10-03 11:00,baseline
EV-003,CH-AC-04,AC,69,11.0,2.53,7.074,2026-10-03 11:15,baseline
EV-005,CH-AC-03,AC,69,11.0,2.53,7.074,2026-10-03 11:15,baseline
EV-008,CH-AC-05,AC,69,11.0,2.53,7.074,2026-10-03 11:15,baseline
EV-020,CH-AC-02,AC,69,11.0,2.53,7.074,2026-10-03 11:15,baseline
EV-003,CH-AC-04,AC,70,11.0,2.53,7.011,2026-10-03 11:30,baseline
EV-005,CH-AC-03,AC,70,11.0,2.53,7.011,2026-10-03 11:30,baseline
EV-008,CH-AC-05,AC,70,11.0,2.53,7.011,2026-10-03 11:30,baseline
EV-020,CH-AC-02,AC,70,11.0,2.53,7.011,2026-10-03 11:30,baseline
EV-005,CH-AC-03,AC,71,11.0,2.53,7.0,2026-10-03 11:45,baseline
EV-008,CH-AC-05,AC,71,11.0,2.53,7.0,2026-10-03 11:45,baseline
EV-020,CH-AC-02,AC,71,11.0,2.53,7.0,2026-10-03 11:45,baseline
EV-005,CH-AC-03,AC,72,11.0,2.53,6.848,2026-10-03 12:00,baseline
EV-008,CH-AC-05,AC,72,11.0,2.53,6.848,2026-10-03 12:00,baseline
EV-020,CH-AC-02,AC,72,11.0,2.53,6.848,2026-10-03 12:00,baseline
EV-008,CH-AC-05,AC,73,11.0,2.53,7.066,2026-10-03 12:15,baseline
EV-020,CH-AC-02,AC,73,11.0,2.53,7.066,2026-10-03 12:15,baseline
EV-008,CH-AC-05,AC,74,1.78,0.409,6.98,2026-10-03 12:30,baseline
EV-020,CH-AC-02,AC,74,11.0,2.53,6.98,2026-10-03 12:30,baseline
EV-003,CH-AC-01,AC,80,11.0,2.53,7.25,2026-10-03 14:00,baseline
EV-003,CH-AC-01,AC,81,11.0,2.53,7.055,2026-10-03 14:15,baseline
EV-005,CH-AC-02,AC,81,11.0,2.53,7.055,2026-10-03 14:15,baseline
EV-003,CH-AC-01,AC,82,11.0,2.53,7.101,2026-10-03 14:30,baseline
EV-005,CH-AC-02,AC,82,11.0,2.53,7.101,2026-10-03 14:30,baseline
EV-003,CH-AC-01,AC,83,11.0,2.53,6.634,2026-10-03 14:45,baseline
EV-005,CH-AC-02,AC,83,11.0,2.53,6.634,2026-10-03 14:45,baseline
EV-020,CH-AC-03,AC,83,11.0,2.53,6.634,2026-10-03 14:45,baseline
EV-003,CH-AC-01,AC,84,11.0,2.53,7.195,2026-10-03 15:00,baseline
EV-005,CH-AC-02,AC,84,11.0,2.53,7.195,2026-10-03 15:00,baseline
EV-020,CH-AC-03,AC,84,11.0,2.53,7.195,2026-10-03 15:00,baseline
EV-003,CH-AC-01,AC,85,11.0,2.53,7.095,2026-10-03 15:15,baseline
EV-005,CH-AC-02,AC,85,11.0,2.53,7.095,2026-10-03 15:15,baseline
EV-020,CH-AC-03,AC,85,11.0,2.53,7.095,2026-10-03 15:15,baseline
EV-003,CH-AC-01,AC,86,11.0,2.53,6.767,2026-10-03 15:30,baseline
EV-005,CH-AC-02,AC,86,11.0,2.53,6.767,2026-10-03 15:30,baseline
EV-020,CH-AC-03,AC,86,11.0,2.53,6.767,2026-10-03 15:30,baseline
EV-003,CH-AC-01,AC,87,11.0,2.53,6.901,2026-10-03 15:45,baseline
EV-005,CH-AC-02,AC,87,11.0,2.53,6.901,2026-10-03 15:45,baseline
EV-020,CH-AC-03,AC,87,11.0,2.53,6.901,2026-10-03 15:45,baseline
EV-003,CH-AC-01,AC,88,11.0,2.53,7.055,2026-10-03 16:00,baseline
EV-005,CH-AC-02,AC,88,11.0,2.53,7.055,2026-10-03 16:00,baseline
EV-020,CH-AC-03,AC,88,11.0,2.53,7.055,2026-10-03 16:00,baseline
EV-003,CH-AC-01,AC,89,11.0,2.53,7.011,2026-10-03 16:15,baseline
EV-005,CH-AC-02,AC,89,11.0,2.53,7.011,2026-10-03 16:15,baseline
EV-020,CH-AC-03,AC,89,11.0,2.53,7.011,2026-10-03 16:15,baseline
EV-003,CH-AC-01,AC,90,11.0,2.53,6.939,2026-10-03 16:30,baseline
EV-005,CH-AC-02,AC,90,11.0,2.53,6.939,2026-10-03 16:30,baseline
EV-020,CH-AC-03,AC,90,11.0,2.53,6.939,2026-10-03 16:30,baseline
EV-003,CH-AC-01,AC,91,11.0,2.53,6.978,2026-10-03 16:45,baseline
EV-005,CH-AC-02,AC,91,11.0,2.53,6.978,2026-10-03 16:45,baseline
EV-020,CH-AC-03,AC,91,11.0,2.53,6.978,2026-10-03 16:45,baseline
EV-003,CH-AC-01,AC,92,11.0,2.53,6.947,2026-10-03 17:00,baseline
EV-005,CH-AC-02,AC,92,11.0,2.53,6.947,2026-10-03 17:00,baseline
EV-020,CH-AC-03,AC,92,11.0,2.53,6.947,2026-10-03 17:00,baseline
EV-003,CH-AC-01,AC,93,11.0,2.53,7.032,2026-10-03 17:15,baseline
EV-005,CH-AC-02,AC,93,11.0,2.53,7.032,2026-10-03 17:15,baseline
EV-020,CH-AC-03,AC,93,11.0,2.53,7.032,2026-10-03 17:15,baseline
EV-003,CH-AC-01,AC,94,11.0,2.53,7.309,2026-10-03 17:30,baseline
EV-005,CH-AC-02,AC,94,11.0,2.53,7.309,2026-10-03 17:30,baseline
EV-020,CH-AC-03,AC,94,11.0,2.53,7.309,2026-10-03 17:30,baseline
EV-003,CH-AC-01,AC,95,11.0,2.53,6.461,2026-10-03 17:45,baseline
EV-005,CH-AC-02,AC,95,11.0,2.53,6.461,2026-10-03 17:45,baseline
EV-020,CH-AC-03,AC,95,11.0,2.53,6.461,2026-10-03 17:45,baseline
EV-003,CH-AC-02,AC,0,11.0,2.53,10.498,2026-10-02 18:00,optimized
EV-005,CH-AC-06,AC,0,11.0,2.53,10.498,2026-10-02 18:00,optimized
EV-007,CH-AC-03,AC,0,7.4,1.702,10.498,2026-10-02 18:00,optimized
EV-009,CH-AC-05,AC,0,7.4,1.702,10.498,2026-10-02 18:00,optimized
EV-011,CH-AC-04,AC,0,11.0,2.53,10.498,2026-10-02 18:00,optimized
EV-012,CH-AC-01,AC,0,7.4,1.702,10.498,2026-10-02 18:00,optimized
EV-013,CH-DC-02,DC,0,25.5,5.992,10.498,2026-10-02 18:00,optimized
EV-015,CH-DC-01,DC,0,9.3,2.186,10.498,2026-10-02 18:00,optimized
EV-003,CH-AC-02,AC,1,11.0,2.53,10.449,2026-10-02 18:15,optimized
EV-005,CH-AC-06,AC,1,11.0,2.53,10.449,2026-10-02 18:15,optimized
EV-007,CH-AC-03,AC,1,7.4,1.702,10.449,2026-10-02 18:15,optimized
EV-009,CH-AC-05,AC,1,7.4,1.702,10.449,2026-10-02 18:15,optimized
EV-011,CH-AC-04,AC,1,11.0,2.53,10.449,2026-10-02 18:15,optimized
EV-012,CH-AC-01,AC,1,7.4,1.702,10.449,2026-10-02 18:15,optimized
EV-013,CH-DC-02,DC,1,25.5,5.992,10.449,2026-10-02 18:15,optimized
EV-014,CH-DC-01,DC,1,9.3,2.186,10.449,2026-10-02 18:15,optimized
EV-003,CH-AC-02,AC,2,11.0,2.53,10.606,2026-10-02 18:30,optimized
EV-005,CH-AC-06,AC,2,11.0,2.53,10.606,2026-10-02 18:30,optimized
EV-007,CH-AC-03,AC,2,7.4,1.702,10.606,2026-10-02 18:30,optimized
EV-009,CH-AC-05,AC,2,7.4,1.702,10.606,2026-10-02 18:30,optimized
EV-011,CH-AC-04,AC,2,11.0,2.53,10.606,2026-10-02 18:30,optimized
EV-012,CH-AC-01,AC,2,7.4,1.702,10.606,2026-10-02 18:30,optimized
EV-013,CH-DC-02,DC,2,25.5,5.992,10.606,2026-10-02 18:30,optimized
EV-014,CH-DC-01,DC,2,9.3,2.186,10.606,2026-10-02 18:30,optimized
EV-003,CH-AC-02,AC,3,11.0,2.53,10.943,2026-10-02 18:45,optimized
EV-005,CH-AC-06,AC,3,11.0,2.53,10.943,2026-10-02 18:45,optimized
EV-007,CH-AC-03,AC,3,7.4,1.702,10.943,2026-10-02 18:45,optimized
EV-009,CH-AC-05,AC,3,7.4,1.702,10.943,2026-10-02 18:45,optimized
EV-011,CH-AC-04,AC,3,11.0,2.53,10.943,2026-10-02 18:45,optimized
EV-012,CH-AC-01,AC,3,7.4,1.702,10.943,2026-10-02 18:45,optimized
EV-013,CH-DC-02,DC,3,25.5,5.992,10.943,2026-10-02 18:45,optimized
EV-014,CH-DC-01,DC,3,9.3,2.186,10.943,2026-10-02 18:45,optimized
EV-003,CH-AC-02,AC,4,11.0,2.53,10.529,2026-10-02 19:00,optimized
EV-005,CH-AC-06,AC,4,11.0,2.53,10.529,2026-10-02 19:00,optimized
EV-007,CH-AC-03,AC,4,7.4,1.702,10.529,2026-10-02 19:00,optimized
EV-009,CH-AC-05,AC,4,7.4,1.702,10.529,2026-10-02 19:00,optimized
EV-011,CH-AC-04,AC,4,11.0,2.53,10.529,2026-10-02 19:00,optimized
EV-012,CH-AC-01,AC,4,7.4,1.702,10.529,2026-10-02 19:00,optimized
EV-013,CH-DC-02,DC,4,22.7,5.334,10.529,2026-10-02 19:00,optimized
EV-014,CH-DC-01,DC,4,9.3,2.186,10.529,2026-10-02 19:00,optimized
EV-003,CH-AC-02,AC,5,11.0,2.53,10.703,2026-10-02 19:15,optimized
EV-005,CH-AC-06,AC,5,11.0,2.53,10.703,2026-10-02 19:15,optimized
EV-006,CH-AC-01,AC,5,7.4,1.702,10.703,2026-10-02 19:15,optimized
EV-007,CH-AC-03,AC,5,7.4,1.702,10.703,2026-10-02 19:15,optimized
EV-009,CH-AC-05,AC,5,7.4,1.702,10.703,2026-10-02 19:15,optimized
EV-011,CH-AC-04,AC,5,11.0,2.53,10.703,2026-10-02 19:15,optimized
EV-012,CH-DC-01,DC,5,23.55,5.535,10.703,2026-10-02 19:15,optimized
EV-005,CH-AC-06,AC,6,11.0,2.53,9.854,2026-10-02 19:30,optimized
EV-006,CH-AC-01,AC,6,7.4,1.702,9.854,2026-10-02 19:30,optimized
EV-007,CH-AC-03,AC,6,7.4,1.702,9.854,2026-10-02 19:30,optimized
EV-009,CH-AC-05,AC,6,7.4,1.702,9.854,2026-10-02 19:30,optimized
EV-011,CH-AC-04,AC,6,11.0,2.53,9.854,2026-10-02 19:30,optimized
EV-014,CH-DC-01,DC,6,12.9,3.032,9.854,2026-10-02 19:30,optimized
EV-005,CH-AC-06,AC,7,11.0,2.53,10.485,2026-10-02 19:45,optimized
EV-006,CH-AC-01,AC,7,7.4,1.702,10.485,2026-10-02 19:45,optimized
EV-007,CH-AC-03,AC,7,7.4,1.702,10.485,2026-10-02 19:45,optimized
EV-009,CH-AC-05,AC,7,7.4,1.702,10.485,2026-10-02 19:45,optimized
EV-011,CH-AC-04,AC,7,11.0,2.53,10.485,2026-10-02 19:45,optimized
EV-014,CH-DC-01,DC,7,12.9,3.032,10.485,2026-10-02 19:45,optimized
EV-005,CH-AC-06,AC,8,11.0,2.53,10.234,2026-10-02 20:00,optimized
EV-006,CH-AC-01,AC,8,7.4,1.702,10.234,2026-10-02 20:00,optimized
EV-007,CH-AC-03,AC,8,0.83,0.191,10.234,2026-10-02 20:00,optimized
EV-008,CH-AC-02,AC,8,11.0,2.53,10.234,2026-10-02 20:00,optimized
EV-009,CH-AC-05,AC,8,7.4,1.702,10.234,2026-10-02 20:00,optimized
EV-011,CH-AC-04,AC,8,11.0,2.53,10.234,2026-10-02 20:00,optimized
EV-004,CH-AC-03,AC,9,11.0,2.53,10.116,2026-10-02 20:15,optimized
EV-005,CH-AC-06,AC,9,11.0,2.53,10.116,2026-10-02 20:15,optimized
EV-006,CH-AC-01,AC,9,5.17,1.189,10.116,2026-10-02 20:15,optimized
EV-008,CH-AC-02,AC,9,11.0,2.53,10.116,2026-10-02 20:15,optimized
EV-009,CH-AC-05,AC,9,7.4,1.702,10.116,2026-10-02 20:15,optimized
EV-010,CH-DC-02,DC,9,25.5,5.992,10.116,2026-10-02 20:15,optimized
EV-011,CH-DC-01,DC,9,9.3,2.186,10.116,2026-10-02 20:15,optimized
EV-001,CH-AC-01,AC,10,11.0,2.53,10.223,2026-10-02 20:30,optimized
EV-004,CH-AC-03,AC,10,11.0,2.53,10.223,2026-10-02 20:30,optimized
EV-005,CH-AC-06,AC,10,11.0,2.53,10.223,2026-10-02 20:30,optimized
EV-008,CH-AC-02,AC,10,11.0,2.53,10.223,2026-10-02 20:30,optimized
EV-009,CH-DC-01,DC,10,15.86,3.728,10.223,2026-10-02 20:30,optimized
EV-010,CH-DC-02,DC,10,5.7,1.34,10.223,2026-10-02 20:30,optimized
EV-001,CH-AC-01,AC,11,11.0,2.53,10.395,2026-10-02 20:45,optimized
EV-004,CH-AC-03,AC,11,11.0,2.53,10.395,2026-10-02 20:45,optimized
EV-005,CH-AC-06,AC,11,11.0,2.53,10.395,2026-10-02 20:45,optimized
EV-008,CH-AC-02,AC,11,11.0,2.53,10.395,2026-10-02 20:45,optimized
EV-010,CH-DC-02,DC,11,5.7,1.34,10.395,2026-10-02 20:45,optimized
EV-001,CH-AC-01,AC,12,11.0,2.53,10.789,2026-10-02 21:00,optimized
EV-004,CH-AC-03,AC,12,11.0,2.53,10.789,2026-10-02 21:00,optimized
EV-005,CH-AC-06,AC,12,11.0,2.53,10.789,2026-10-02 21:00,optimized
EV-008,CH-AC-02,AC,12,11.0,2.53,10.789,2026-10-02 21:00,optimized
EV-010,CH-DC-02,DC,12,5.7,1.34,10.789,2026-10-02 21:00,optimized
EV-001,CH-AC-01,AC,13,11.0,2.53,10.082,2026-10-02 21:15,optimized
EV-004,CH-AC-03,AC,13,11.0,2.53,10.082,2026-10-02 21:15,optimized
EV-005,CH-AC-06,AC,13,11.0,2.53,10.082,2026-10-02 21:15,optimized
EV-008,CH-AC-02,AC,13,11.0,2.53,10.082,2026-10-02 21:15,optimized
EV-010,CH-DC-02,DC,13,5.7,1.34,10.082,2026-10-02 21:15,optimized
EV-001,CH-AC-01,AC,14,11.0,2.53,10.51,2026-10-02 21:30,optimized
EV-004,CH-AC-03,AC,14,11.0,2.53,10.51,2026-10-02 21:30,optimized
EV-005,CH-AC-06,AC,14,11.0,2.53,10.51,2026-10-02 21:30,optimized
EV-008,CH-AC-02,AC,14,11.0,2.53,10.51,2026-10-02 21:30,optimized
EV-010,CH-DC-02,DC,14,5.7,1.34,10.51,2026-10-02 21:30,optimized
EV-001,CH-AC-01,AC,15,11.0,2.53,10.347,2026-10-02 21:45,optimized
EV-004,CH-AC-03,AC,15,11.0,2.53,10.347,2026-10-02 21:45,optimized
EV-005,CH-AC-06,AC,15,11.0,2.53,10.347,2026-10-02 21:45,optimized
EV-008,CH-AC-02,AC,15,11.0,2.53,10.347,2026-10-02 21:45,optimized
EV-010,CH-DC-02,DC,15,5.7,1.34,10.347,2026-10-02 21:45,optimized
EV-001,CH-AC-01,AC,16,11.0,2.53,4.456,2026-10-02 22:00,optimized
EV-004,CH-AC-03,AC,16,11.0,2.53,4.456,2026-10-02 22:00,optimized
EV-005,CH-AC-06,AC,16,11.0,2.53,4.456,2026-10-02 22:00,optimized
EV-008,CH-DC-01,DC,16,25.5,5.992,4.456,2026-10-02 22:00,optimized
EV-020,CH-AC-02,AC,16,11.0,2.53,4.456,2026-10-02 22:00,optimized
EV-001,CH-AC-01,AC,17,11.0,2.53,4.635,2026-10-02 22:15,optimized
EV-003,CH-AC-04,AC,17,11.0,2.53,4.635,2026-10-02 22:15,optimized
EV-004,CH-AC-03,AC,17,11.0,2.53,4.635,2026-10-02 22:15,optimized
EV-005,CH-AC-06,AC,17,1.57,0.36,4.635,2026-10-02 22:15,optimized
EV-008,CH-DC-01,DC,17,3.97,0.932,4.635,2026-10-02 22:15,optimized
EV-020,CH-AC-02,AC,17,11.0,2.53,4.635,2026-10-02 22:15,optimized
EV-001,CH-AC-01,AC,18,11.0,2.53,4.573,2026-10-02 22:30,optimized
EV-003,CH-AC-04,AC,18,11.0,2.53,4.573,2026-10-02 22:30,optimized
EV-004,CH-AC-03,AC,18,11.0,2.53,4.573,2026-10-02 22:30,optimized
EV-005,CH-AC-06,AC,18,11.0,2.53,4.573,2026-10-02 22:30,optimized
EV-020,CH-AC-02,AC,18,11.0,2.53,4.573,2026-10-02 22:30,optimized
EV-001,CH-AC-01,AC,19,11.0,2.53,4.681,2026-10-02 22:45,optimized
EV-003,CH-AC-04,AC,19,11.0,2.53,4.681,2026-10-02 22:45,optimized
EV-004,CH-AC-03,AC,19,11.0,2.53,4.681,2026-10-02 22:45,optimized
EV-005,CH-AC-06,AC,19,11.0,2.53,4.681,2026-10-02 22:45,optimized
EV-001,CH-AC-01,AC,20,11.0,2.53,4.479,2026-10-02 23:00,optimized
EV-003,CH-AC-04,AC,20,11.0,2.53,4.479,2026-10-02 23:00,optimized
EV-004,CH-AC-03,AC,20,11.0,2.53,4.479,2026-10-02 23:00,optimized
EV-005,CH-AC-06,AC,20,11.0,2.53,4.479,2026-10-02 23:00,optimized
EV-020,CH-AC-02,AC,20,11.0,2.53,4.479,2026-10-02 23:00,optimized
EV-001,CH-AC-01,AC,21,11.0,2.53,4.406,2026-10-02 23:15,optimized
EV-003,CH-AC-04,AC,21,11.0,2.53,4.406,2026-10-02 23:15,optimized
EV-004,CH-AC-03,AC,21,11.0,2.53,4.406,2026-10-02 23:15,optimized
EV-005,CH-AC-06,AC,21,11.0,2.53,4.406,2026-10-02 23:15,optimized
EV-020,CH-AC-02,AC,21,11.0,2.53,4.406,2026-10-02 23:15,optimized
EV-001,CH-AC-01,AC,22,11.0,2.53,4.47,2026-10-02 23:30,optimized
EV-003,CH-AC-04,AC,22,11.0,2.53,4.47,2026-10-02 23:30,optimized
EV-004,CH-AC-03,AC,22,2.79,0.641,4.47,2026-10-02 23:30,optimized
EV-005,CH-AC-06,AC,22,11.0,2.53,4.47,2026-10-02 23:30,optimized
EV-020,CH-AC-02,AC,22,11.0,2.53,4.47,2026-10-02 23:30,optimized
EV-001,CH-AC-01,AC,23,11.0,2.53,4.533,2026-10-02 23:45,optimized
EV-003,CH-AC-04,AC,23,11.0,2.53,4.533,2026-10-02 23:45,optimized
EV-005,CH-AC-06,AC,23,11.0,2.53,4.533,2026-10-02 23:45,optimized
EV-020,CH-AC-02,AC,23,11.0,2.53,4.533,2026-10-02 23:45,optimized
EV-001,CH-AC-01,AC,24,11.0,2.53,4.524,2026-10-03 00:00,optimized
EV-003,CH-AC-04,AC,24,11.0,2.53,4.524,2026-10-03 00:00,optimized
EV-005,CH-AC-06,AC,24,11.0,2.53,4.524,2026-10-03 00:00,optimized
EV-020,CH-AC-02,AC,24,11.0,2.53,4.524,2026-10-03 00:00,optimized
EV-001,CH-AC-01,AC,25,11.0,2.53,4.354,2026-10-03 00:15,optimized
EV-003,CH-AC-04,AC,25,10.69,2.459,4.354,2026-10-03 00:15,optimized
EV-005,CH-AC-06,AC,25,11.0,2.53,4.354,2026-10-03 00:15,optimized
EV-020,CH-AC-02,AC,25,11.0,2.53,4.354,2026-10-03 00:15,optimized
EV-001,CH-AC-01,AC,26,11.0,2.53,4.512,2026-10-03 00:30,optimized
EV-003,CH-AC-04,AC,26,11.0,2.53,4.512,2026-10-03 00:30,optimized
EV-005,CH-AC-06,AC,26,11.0,2.53,4.512,2026-10-03 00:30,optimized
EV-020,CH-AC-02,AC,26,11.0,2.53,4.512,2026-10-03 00:30,optimized
EV-001,CH-AC-01,AC,27,11.0,2.53,4.531,2026-10-03 00:45,optimized
EV-003,CH-AC-04,AC,27,11.0,2.53,4.531,2026-10-03 00:45,optimized
EV-005,CH-AC-06,AC,27,11.0,2.53,4.531,2026-10-03 00:45,optimized
EV-020,CH-AC-02,AC,27,11.0,2.53,4.531,2026-10-03 00:45,optimized
EV-001,CH-AC-01,AC,28,11.0,2.53,4.84,2026-10-03 01:00,optimized
EV-003,CH-AC-04,AC,28,11.0,2.53,4.84,2026-10-03 01:00,optimized
EV-005,CH-AC-06,AC,28,11.0,2.53,4.84,2026-10-03 01:00,optimized
EV-001,CH-AC-01,AC,29,11.0,2.53,4.753,2026-10-03 01:15,optimized
EV-003,CH-AC-04,AC,29,11.0,2.53,4.753,2026-10-03 01:15,optimized
EV-005,CH-AC-06,AC,29,0.01,0.002,4.753,2026-10-03 01:15,optimized
EV-001,CH-AC-01,AC,30,11.0,2.53,4.385,2026-10-03 01:30,optimized
EV-003,CH-AC-04,AC,30,11.0,2.53,4.385,2026-10-03 01:30,optimized
EV-020,CH-AC-02,AC,30,11.0,2.53,4.385,2026-10-03 01:30,optimized
EV-001,CH-AC-01,AC,31,11.0,2.53,4.461,2026-10-03 01:45,optimized
EV-003,CH-AC-04,AC,31,11.0,2.53,4.461,2026-10-03 01:45,optimized
EV-020,CH-AC-02,AC,31,11.0,2.53,4.461,2026-10-03 01:45,optimized
EV-001,CH-AC-01,AC,32,2.33,0.535,4.302,2026-10-03 02:00,optimized
EV-003,CH-AC-04,AC,32,11.0,2.53,4.302,2026-10-03 02:00,optimized
EV-020,CH-AC-02,AC,32,11.0,2.53,4.302,2026-10-03 02:00,optimized
EV-003,CH-AC-04,AC,33,11.0,2.53,4.42,2026-10-03 02:15,optimized
EV-020,CH-AC-02,AC,33,11.0,2.53,4.42,2026-10-03 02:15,optimized
EV-003,CH-AC-04,AC,34,9.48,2.181,4.543,2026-10-03 02:30,optimized
EV-020,CH-AC-02,AC,34,11.0,2.53,4.543,2026-10-03 02:30,optimized
EV-003,CH-AC-04,AC,35,11.0,2.53,4.663,2026-10-03 02:45,optimized
EV-020,CH-AC-02,AC,35,10.11,2.326,4.663,2026-10-03 02:45,optimized
EV-003,CH-AC-04,AC,36,11.0,2.53,4.402,2026-10-03 03:00,optimized
EV-020,CH-AC-02,AC,36,11.0,2.53,4.402,2026-10-03 03:00,optimized
EV-003,CH-AC-04,AC,37,11.0,2.53,4.412,2026-10-03 03:15,optimized
EV-020,CH-AC-02,AC,37,11.0,2.53,4.412,2026-10-03 03:15,optimized
EV-003,CH-AC-04,AC,38,11.0,2.53,4.21,2026-10-03 03:30,optimized
EV-020,CH-AC-02,AC,38,11.0,2.53,4.21,2026-10-03 03:30,optimized
EV-003,CH-AC-04,AC,39,11.0,2.53,4.478,2026-10-03 03:45,optimized
EV-020,CH-AC-02,AC,39,11.0,2.53,4.478,2026-10-03 03:45,optimized
EV-003,CH-AC-04,AC,40,11.0,2.53,4.357,2026-10-03 04:00,optimized
EV-020,CH-AC-02,AC,40,11.0,2.53,4.357,2026-10-03 04:00,optimized
EV-003,CH-AC-04,AC,41,11.0,2.53,4.429,2026-10-03 04:15,optimized
EV-020,CH-AC-02,AC,41,11.0,2.53,4.429,2026-10-03 04:15,optimized
EV-020,CH-AC-02,AC,42,11.0,2.53,4.382,2026-10-03 04:30,optimized
EV-020,CH-AC-02,AC,43,11.0,2.53,4.487,2026-10-03 04:45,optimized
EV-020,CH-AC-02,AC,44,11.0,2.53,4.263,2026-10-03 05:00,optimized
EV-010,CH-DC-01,DC,45,5.7,1.34,4.302,2026-10-03 05:15,optimized
EV-020,CH-AC-02,AC,45,11.0,2.53,4.302,2026-10-03 05:15,optimized
EV-010,CH-DC-01,DC,46,25.5,5.992,4.787,2026-10-03 05:30,optimized
EV-011,CH-DC-02,DC,46,9.3,2.186,4.787,2026-10-03 05:30,optimized
EV-010,CH-DC-01,DC,47,5.7,1.34,4.326,2026-10-03 05:45,optimized
EV-020,CH-AC-01,AC,47,11.0,2.53,4.326,2026-10-03 05:45,optimized
EV-010,CH-AC-01,AC,48,11.0,2.53,6.77,2026-10-03 06:00,optimized
EV-011,CH-DC-01,DC,48,25.5,5.992,6.77,2026-10-03 06:00,optimized
EV-010,CH-AC-01,AC,49,11.0,2.53,7.386,2026-10-03 06:15,optimized
EV-011,CH-AC-02,AC,49,11.0,2.53,7.386,2026-10-03 06:15,optimized
EV-014,CH-DC-01,DC,49,5.7,1.34,7.386,2026-10-03 06:15,optimized
EV-003,CH-AC-02,AC,50,11.0,2.53,7.61,2026-10-03 06:30,optimized
EV-010,CH-AC-01,AC,50,11.0,2.53,7.61,2026-10-03 06:30,optimized
EV-011,CH-DC-01,DC,50,25.08,5.893,7.61,2026-10-03 06:30,optimized
EV-003,CH-AC-02,AC,51,11.0,2.53,6.754,2026-10-03 06:45,optimized
EV-010,CH-AC-01,AC,51,11.0,2.53,6.754,2026-10-03 06:45,optimized
EV-010,CH-AC-01,AC,52,0.45,0.103,6.923,2026-10-03 07:00,optimized
EV-014,CH-DC-01,DC,52,5.7,1.34,6.923,2026-10-03 07:00,optimized
EV-014,CH-DC-01,DC,53,5.7,1.34,7.072,2026-10-03 07:15,optimized
EV-014,CH-DC-01,DC,54,5.7,1.34,7.363,2026-10-03 07:30,optimized
EV-005,CH-AC-01,AC,55,11.0,2.53,6.793,2026-10-03 07:45,optimized
EV-005,CH-AC-01,AC,56,11.0,2.53,6.948,2026-10-03 08:00,optimized
EV-008,CH-AC-02,AC,56,11.0,2.53,6.948,2026-10-03 08:00,optimized
EV-008,CH-AC-02,AC,57,11.0,2.53,7.163,2026-10-03 08:15,optimized
EV-008,CH-AC-02,AC,58,11.0,2.53,7.091,2026-10-03 08:30,optimized
EV-006,CH-AC-01,AC,59,7.4,1.702,6.921,2026-10-03 08:45,optimized
EV-008,CH-AC-02,AC,59,11.0,2.53,6.921,2026-10-03 08:45,optimized
EV-006,CH-AC-01,AC,60,7.4,1.702,6.972,2026-10-03 09:00,optimized
EV-008,CH-AC-02,AC,60,7.43,1.71,6.972,2026-10-03 09:00,optimized
EV-006,CH-AC-01,AC,61,7.4,1.702,6.711,2026-10-03 09:15,optimized
EV-006,CH-AC-01,AC,62,7.4,1.702,6.95,2026-10-03 09:30,optimized
EV-003,CH-AC-02,AC,63,11.0,2.53,6.944,2026-10-03 09:45,optimized
EV-006,CH-AC-01,AC,63,7.4,1.702,6.944,2026-10-03 09:45,optimized
EV-003,CH-AC-02,AC,64,11.0,2.53,7.049,2026-10-03 10:00,optimized
EV-006,CH-AC-01,AC,64,7.4,1.702,7.049,2026-10-03 10:00,optimized
EV-003,CH-AC-02,AC,65,11.0,2.53,6.883,2026-10-03 10:15,optimized
EV-005,CH-AC-03,AC,65,11.0,2.53,6.883,2026-10-03 10:15,optimized
EV-006,CH-AC-01,AC,65,7.4,1.702,6.883,2026-10-03 10:15,optimized
EV-003,CH-AC-02,AC,66,11.0,2.53,7.099,2026-10-03 10:30,optimized
EV-005,CH-AC-03,AC,66,11.0,2.53,7.099,2026-10-03 10:30,optimized
EV-006,CH-AC-01,AC,66,2.43,0.558,7.099,2026-10-03 10:30,optimized
EV-003,CH-AC-02,AC,67,11.0,2.53,7.213,2026-10-03 10:45,optimized
EV-005,CH-AC-03,AC,67,11.0,2.53,7.213,2026-10-03 10:45,optimized
EV-003,CH-AC-02,AC,68,11.0,2.53,7.033,2026-10-03 11:00,optimized
EV-005,CH-AC-03,AC,68,11.0,2.53,7.033,2026-10-03 11:00,optimized
EV-003,CH-AC-02,AC,69,11.0,2.53,7.074,2026-10-03 11:15,optimized
EV-005,CH-AC-03,AC,69,11.0,2.53,7.074,2026-10-03 11:15,optimized
EV-003,CH-AC-02,AC,70,11.0,2.53,7.011,2026-10-03 11:30,optimized
EV-005,CH-AC-03,AC,70,11.0,2.53,7.011,2026-10-03 11:30,optimized
EV-003,CH-AC-02,AC,71,11.0,2.53,7.0,2026-10-03 11:45,optimized
EV-003,CH-AC-02,AC,72,11.0,2.53,6.848,2026-10-03 12:00,optimized
EV-005,CH-AC-01,AC,80,11.0,2.53,7.25,2026-10-03 14:00,optimized
EV-003,CH-AC-02,AC,81,11.0,2.53,7.055,2026-10-03 14:15,optimized
EV-005,CH-AC-01,AC,81,11.0,2.53,7.055,2026-10-03 14:15,optimized
EV-003,CH-AC-02,AC,82,11.0,2.53,7.101,2026-10-03 14:30,optimized
EV-005,CH-AC-01,AC,82,11.0,2.53,7.101,2026-10-03 14:30,optimized
EV-003,CH-AC-02,AC,83,11.0,2.53,6.634,2026-10-03 14:45,optimized
EV-005,CH-AC-01,AC,83,11.0,2.53,6.634,2026-10-03 14:45,optimized
EV-003,CH-AC-02,AC,84,11.0,2.53,7.195,2026-10-03 15:00,optimized
EV-005,CH-AC-01,AC,84,11.0,2.53,7.195,2026-10-03 15:00,optimized
EV-003,CH-AC-02,AC,85,11.0,2.53,7.095,2026-10-03 15:15,optimized
EV-005,CH-AC-01,AC,85,11.0,2.53,7.095,2026-10-03 15:15,optimized
EV-003,CH-AC-02,AC,86,11.0,2.53,6.767,2026-10-03 15:30,optimized
EV-005,CH-AC-01,AC,86,11.0,2.53,6.767,2026-10-03 15:30,optimized
EV-003,CH-AC-02,AC,87,11.0,2.53,6.901,2026-10-03 15:45,optimized
EV-005,CH-AC-01,AC,87,11.0,2.53,6.901,2026-10-03 15:45,optimized
EV-003,CH-AC-02,AC,88,11.0,2.53,7.055,2026-10-03 16:00,optimized
EV-005,CH-AC-01,AC,88,11.0,2.53,7.055,2026-10-03 16:00,optimized
EV-003,CH-AC-02,AC,89,11.0,2.53,7.011,2026-10-03 16:15,optimized
EV-005,CH-AC-01,AC,89,11.0,2.53,7.011,2026-10-03 16:15,optimized
EV-003,CH-AC-02,AC,90,11.0,2.53,6.939,2026-10-03 16:30,optimized
EV-005,CH-AC-01,AC,90,11.0,2.53,6.939,2026-10-03 16:30,optimized
EV-003,CH-AC-02,AC,91,11.0,2.53,6.978,2026-10-03 16:45,optimized
EV-005,CH-AC-01,AC,91,11.0,2.53,6.978,2026-10-03 16:45,optimized
EV-003,CH-AC-02,AC,92,11.0,2.53,6.947,2026-10-03 17:00,optimized
EV-005,CH-AC-01,AC,92,11.0,2.53,6.947,2026-10-03 17:00,optimized
EV-003,CH-AC-02,AC,93,11.0,2.53,7.032,2026-10-03 17:15,optimized
EV-005,CH-AC-01,AC,93,11.0,2.53,7.032,2026-10-03 17:15,optimized
EV-003,CH-AC-02,AC,94,11.0,2.53,7.309,2026-10-03 17:30,optimized
EV-005,CH-AC-01,AC,94,11.0,2.53,7.309,2026-10-03 17:30,optimized
EV-003,CH-AC-02,AC,95,11.0,2.53,6.461,2026-10-03 17:45,optimized
EV-005,CH-AC-01,AC,95,11.0,2.53,6.461,2026-10-03 17:45,optimized
