vehicle_id,slot,soc_pct,energy_kwh,on_trip,timestamp,plan
EV-001,0,49.1,31.483,False,2026-10-02 18:00,baseline
EV-002,0,34.7,40.141,False,2026-10-02 18:00,baseline
EV-003,0,51.9,20.532,False,2026-10-02 18:00,baseline
EV-004,0,48.2,17.988,False,2026-10-02 18:00,baseline
EV-001,1,53.0,34.013,False,2026-10-02 18:15,baseline
EV-002,1,36.9,42.671,False,2026-10-02 18:15,baseline
EV-003,1,56.2,22.234,False,2026-10-02 18:15,baseline
EV-004,1,52.8,19.69,False,2026-10-02 18:15,baseline
EV-001,2,57.0,36.543,False,2026-10-02 18:30,baseline
EV-002,2,39.1,45.201,False,2026-10-02 18:30,baseline
EV-003,2,60.5,23.936,False,2026-10-02 18:30,baseline
EV-004,2,57.3,21.392,False,2026-10-02 18:30,baseline
EV-001,3,60.9,39.073,False,2026-10-02 18:45,baseline
EV-002,3,41.3,47.731,False,2026-10-02 18:45,baseline
EV-003,3,64.8,25.638,False,2026-10-02 18:45,baseline
EV-004,3,61.9,23.094,False,2026-10-02 18:45,baseline
EV-001,4,64.9,41.603,False,2026-10-02 19:00,baseline
EV-002,4,43.4,50.261,False,2026-10-02 19:00,baseline
EV-003,4,69.1,27.34,False,2026-10-02 19:00,baseline
EV-004,4,66.4,24.796,False,2026-10-02 19:00,baseline
EV-001,5,68.8,44.133,False,2026-10-02 19:15,baseline
EV-002,5,45.6,52.791,False,2026-10-02 19:15,baseline
EV-003,5,73.4,29.042,False,2026-10-02 19:15,baseline
EV-004,5,71.0,26.498,False,2026-10-02 19:15,baseline
EV-001,6,72.8,46.663,False,2026-10-02 19:30,baseline
EV-002,6,47.8,55.321,False,2026-10-02 19:30,baseline
EV-003,6,77.7,30.744,False,2026-10-02 19:30,baseline
EV-004,6,75.6,28.2,False,2026-10-02 19:30,baseline
EV-001,7,76.7,49.193,False,2026-10-02 19:45,baseline
EV-002,7,50.0,57.851,False,2026-10-02 19:45,baseline
EV-003,7,82.0,32.446,False,2026-10-02 19:45,baseline
EV-004,7,80.1,29.902,False,2026-10-02 19:45,baseline
EV-001,8,80.7,51.723,False,2026-10-02 20:00,baseline
EV-002,8,52.2,60.381,False,2026-10-02 20:00,baseline
EV-003,8,86.3,34.148,False,2026-10-02 20:00,baseline
EV-004,8,84.7,31.604,False,2026-10-02 20:00,baseline
EV-001,9,84.6,54.253,False,2026-10-02 20:15,baseline
EV-002,9,54.4,62.911,False,2026-10-02 20:15,baseline
EV-003,9,90.0,35.604,False,2026-10-02 20:15,baseline
EV-004,9,89.2,33.306,False,2026-10-02 20:15,baseline
EV-001,10,88.6,56.783,False,2026-10-02 20:30,baseline
EV-002,10,56.6,65.441,True,2026-10-02 20:30,baseline
EV-003,10,90.0,35.604,False,2026-10-02 20:30,baseline
EV-004,10,90.0,33.588,False,2026-10-02 20:30,baseline
EV-001,11,90.0,57.708,False,2026-10-02 20:45,baseline
EV-002,11,56.6,65.441,True,2026-10-02 20:45,baseline
EV-003,11,90.0,35.604,False,2026-10-02 20:45,baseline
EV-004,11,90.0,33.588,False,2026-10-02 20:45,baseline
EV-001,12,90.0,57.708,False,2026-10-02 21:00,baseline
EV-002,12,56.6,65.441,True,2026-10-02 21:00,baseline
EV-003,12,90.0,35.604,False,2026-10-02 21:00,baseline
EV-004,12,90.0,33.588,False,2026-10-02 21:00,baseline
EV-001,13,90.0,57.708,False,2026-10-02 21:15,baseline
EV-002,13,56.6,65.441,True,2026-10-02 21:15,baseline
EV-003,13,90.0,35.604,False,2026-10-02 21:15,baseline
EV-004,13,90.0,33.588,False,2026-10-02 21:15,baseline
EV-001,14,90.0,57.708,False,2026-10-02 21:30,baseline
EV-002,14,56.6,65.441,True,2026-10-02 21:30,baseline
EV-003,14,90.0,35.604,False,2026-10-02 21:30,baseline
EV-004,14,90.0,33.588,False,2026-10-02 21:30,baseline
EV-001,15,90.0,57.708,False,2026-10-02 21:45,baseline
EV-002,15,56.6,65.441,True,2026-10-02 21:45,baseline
EV-003,15,90.0,35.604,False,2026-10-02 21:45,baseline
EV-004,15,90.0,33.588,False,2026-10-02 21:45,baseline
EV-001,16,90.0,57.708,False,2026-10-02 22:00,baseline
EV-002,16,56.6,65.441,True,2026-10-02 22:00,baseline
EV-003,16,90.0,35.604,False,2026-10-02 22:00,baseline
EV-004,16,90.0,33.588,False,2026-10-02 22:00,baseline
EV-001,17,90.0,57.708,False,2026-10-02 22:15,baseline
EV-002,17,56.6,65.441,True,2026-10-02 22:15,baseline
EV-003,17,90.0,35.604,False,2026-10-02 22:15,baseline
EV-004,17,90.0,33.588,False,2026-10-02 22:15,baseline
EV-001,18,90.0,57.708,False,2026-10-02 22:30,baseline
EV-002,18,56.6,65.441,True,2026-10-02 22:30,baseline
EV-003,18,90.0,35.604,False,2026-10-02 22:30,baseline
EV-004,18,90.0,33.588,False,2026-10-02 22:30,baseline
EV-001,19,90.0,57.708,False,2026-10-02 22:45,baseline
EV-002,19,26.8,30.997,False,2026-10-02 22:45,baseline
EV-003,19,90.0,35.604,False,2026-10-02 22:45,baseline
EV-004,19,90.0,33.588,False,2026-10-02 22:45,baseline
EV-001,20,90.0,57.708,False,2026-10-02 23:00,baseline
EV-002,20,29.0,33.527,False,2026-10-02 23:00,baseline
EV-003,20,90.0,35.604,False,2026-10-02 23:00,baseline
EV-004,20,90.0,33.588,False,2026-10-02 23:00,baseline
EV-001,21,90.0,57.708,False,2026-10-02 23:15,baseline
EV-002,21,31.2,36.057,False,2026-10-02 23:15,baseline
EV-003,21,90.0,35.604,False,2026-10-02 23:15,baseline
EV-004,21,90.0,33.588,False,2026-10-02 23:15,baseline
EV-001,22,90.0,57.708,False,2026-10-02 23:30,baseline
EV-002,22,33.4,38.587,False,2026-10-02 23:30,baseline
EV-003,22,90.0,35.604,False,2026-10-02 23:30,baseline
EV-004,22,90.0,33.588,False,2026-10-02 23:30,baseline
EV-001,23,90.0,57.708,False,2026-10-02 23:45,baseline
EV-002,23,35.5,41.117,False,2026-10-02 23:45,baseline
EV-003,23,90.0,35.604,False,2026-10-02 23:45,baseline
EV-004,23,90.0,33.588,False,2026-10-02 23:45,baseline
EV-001,24,90.0,57.708,False,2026-10-03 00:00,baseline
EV-002,24,37.7,43.647,False,2026-10-03 00:00,baseline
EV-003,24,90.0,35.604,False,2026-10-03 00:00,baseline
EV-004,24,90.0,33.588,False,2026-10-03 00:00,baseline
EV-001,25,90.0,57.708,False,2026-10-03 00:15,baseline
EV-002,25,39.9,46.177,False,2026-10-03 00:15,baseline
EV-003,25,90.0,35.604,False,2026-10-03 00:15,baseline
EV-004,25,90.0,33.588,False,2026-10-03 00:15,baseline
EV-001,26,90.0,57.708,False,2026-10-03 00:30,baseline
EV-002,26,42.1,48.707,False,2026-10-03 00:30,baseline
EV-003,26,90.0,35.604,False,2026-10-03 00:30,baseline
EV-004,26,90.0,33.588,False,2026-10-03 00:30,baseline
EV-001,27,90.0,57.708,False,2026-10-03 00:45,baseline
EV-002,27,44.3,51.237,False,2026-10-03 00:45,baseline
EV-003,27,90.0,35.604,False,2026-10-03 00:45,baseline
EV-004,27,90.0,33.588,False,2026-10-03 00:45,baseline
EV-001,28,90.0,57.708,False,2026-10-03 01:00,baseline
EV-002,28,46.5,53.767,False,2026-10-03 01:00,baseline
EV-003,28,90.0,35.604,False,2026-10-03 01:00,baseline
EV-004,28,90.0,33.588,False,2026-10-03 01:00,baseline
EV-001,29,90.0,57.708,False,2026-10-03 01:15,baseline
EV-002,29,48.7,56.297,False,2026-10-03 01:15,baseline
EV-003,29,90.0,35.604,False,2026-10-03 01:15,baseline
EV-004,29,90.0,33.588,False,2026-10-03 01:15,baseline
EV-001,30,90.0,57.708,False,2026-10-03 01:30,baseline
EV-002,30,50.9,58.827,False,2026-10-03 01:30,baseline
EV-003,30,90.0,35.604,False,2026-10-03 01:30,baseline
EV-004,30,90.0,33.588,False,2026-10-03 01:30,baseline
EV-001,31,90.0,57.708,False,2026-10-03 01:45,baseline
EV-002,31,53.0,61.357,False,2026-10-03 01:45,baseline
EV-003,31,90.0,35.604,False,2026-10-03 01:45,baseline
EV-004,31,90.0,33.588,False,2026-10-03 01:45,baseline
EV-001,32,90.0,57.708,False,2026-10-03 02:00,baseline
EV-002,32,55.2,63.887,False,2026-10-03 02:00,baseline
EV-003,32,90.0,35.604,False,2026-10-03 02:00,baseline
EV-004,32,90.0,33.588,False,2026-10-03 02:00,baseline
EV-001,33,90.0,57.708,False,2026-10-03 02:15,baseline
EV-002,33,57.4,66.417,False,2026-10-03 02:15,baseline
EV-003,33,90.0,35.604,False,2026-10-03 02:15,baseline
EV-004,33,90.0,33.588,False,2026-10-03 02:15,baseline
EV-001,34,90.0,57.708,False,2026-10-03 02:30,baseline
EV-002,34,59.6,68.947,False,2026-10-03 02:30,baseline
EV-003,34,90.0,35.604,False,2026-10-03 02:30,baseline
EV-004,34,90.0,33.588,False,2026-10-03 02:30,baseline
EV-001,35,90.0,57.708,False,2026-10-03 02:45,baseline
EV-002,35,61.8,71.477,False,2026-10-03 02:45,baseline
EV-003,35,90.0,35.604,False,2026-10-03 02:45,baseline
EV-004,35,90.0,33.588,False,2026-10-03 02:45,baseline
EV-001,36,90.0,57.708,False,2026-10-03 03:00,baseline
EV-002,36,64.0,74.007,False,2026-10-03 03:00,baseline
EV-003,36,90.0,35.604,False,2026-10-03 03:00,baseline
EV-004,36,90.0,33.588,False,2026-10-03 03:00,baseline
EV-001,37,90.0,57.708,False,2026-10-03 03:15,baseline
EV-002,37,66.2,76.537,False,2026-10-03 03:15,baseline
EV-003,37,90.0,35.604,False,2026-10-03 03:15,baseline
EV-004,37,90.0,33.588,False,2026-10-03 03:15,baseline
EV-001,38,90.0,57.708,False,2026-10-03 03:30,baseline
EV-002,38,68.3,79.067,False,2026-10-03 03:30,baseline
EV-003,38,90.0,35.604,False,2026-10-03 03:30,baseline
EV-004,38,90.0,33.588,False,2026-10-03 03:30,baseline
EV-001,39,90.0,57.708,False,2026-10-03 03:45,baseline
EV-002,39,70.5,81.597,False,2026-10-03 03:45,baseline
EV-003,39,90.0,35.604,False,2026-10-03 03:45,baseline
EV-004,39,90.0,33.588,False,2026-10-03 03:45,baseline
EV-001,40,90.0,57.708,True,2026-10-03 04:00,baseline
EV-002,40,72.7,84.127,True,2026-10-03 04:00,baseline
EV-003,40,90.0,35.604,True,2026-10-03 04:00,baseline
EV-004,40,90.0,33.588,False,2026-10-03 04:00,baseline
EV-001,41,90.0,57.708,True,2026-10-03 04:15,baseline
EV-002,41,72.7,84.127,True,2026-10-03 04:15,baseline
EV-003,41,90.0,35.604,True,2026-10-03 04:15,baseline
EV-004,41,90.0,33.588,False,2026-10-03 04:15,baseline
EV-001,42,90.0,57.708,True,2026-10-03 04:30,baseline
EV-002,42,72.7,84.127,True,2026-10-03 04:30,baseline
EV-003,42,90.0,35.604,True,2026-10-03 04:30,baseline
EV-004,42,90.0,33.588,False,2026-10-03 04:30,baseline
EV-001,43,90.0,57.708,True,2026-10-03 04:45,baseline
EV-002,43,72.7,84.127,True,2026-10-03 04:45,baseline
EV-003,43,90.0,35.604,True,2026-10-03 04:45,baseline
EV-004,43,90.0,33.588,False,2026-10-03 04:45,baseline
EV-001,44,90.0,57.708,True,2026-10-03 05:00,baseline
EV-002,44,72.7,84.127,True,2026-10-03 05:00,baseline
EV-003,44,90.0,35.604,True,2026-10-03 05:00,baseline
EV-004,44,90.0,33.588,False,2026-10-03 05:00,baseline
EV-001,45,90.0,57.708,True,2026-10-03 05:15,baseline
EV-002,45,72.7,84.127,True,2026-10-03 05:15,baseline
EV-003,45,90.0,35.604,True,2026-10-03 05:15,baseline
EV-004,45,90.0,33.588,False,2026-10-03 05:15,baseline
EV-001,46,90.0,57.708,True,2026-10-03 05:30,baseline
EV-002,46,72.7,84.127,True,2026-10-03 05:30,baseline
EV-003,46,90.0,35.604,True,2026-10-03 05:30,baseline
EV-004,46,90.0,33.588,False,2026-10-03 05:30,baseline
EV-001,47,90.0,57.708,True,2026-10-03 05:45,baseline
EV-002,47,72.7,84.127,True,2026-10-03 05:45,baseline
EV-003,47,90.0,35.604,True,2026-10-03 05:45,baseline
EV-004,47,90.0,33.588,False,2026-10-03 05:45,baseline
EV-001,0,49.1,31.483,False,2026-10-02 18:00,optimized
EV-001,1,49.1,31.483,False,2026-10-02 18:15,optimized
EV-001,2,49.1,31.483,False,2026-10-02 18:30,optimized
EV-001,3,49.1,31.483,False,2026-10-02 18:45,optimized
EV-001,4,49.1,31.483,False,2026-10-02 19:00,optimized
EV-001,5,49.1,31.483,False,2026-10-02 19:15,optimized
EV-001,6,49.1,31.483,False,2026-10-02 19:30,optimized
EV-001,7,49.1,31.483,False,2026-10-02 19:45,optimized
EV-001,8,49.1,31.483,False,2026-10-02 20:00,optimized
EV-001,9,49.1,31.483,False,2026-10-02 20:15,optimized
EV-001,10,49.1,31.483,False,2026-10-02 20:30,optimized
EV-001,11,49.1,31.483,False,2026-10-02 20:45,optimized
EV-001,12,49.1,31.483,False,2026-10-02 21:00,optimized
EV-001,13,49.1,31.483,False,2026-10-02 21:15,optimized
EV-001,14,49.1,31.483,False,2026-10-02 21:30,optimized
EV-001,15,49.1,31.483,False,2026-10-02 21:45,optimized
EV-001,16,49.1,31.483,False,2026-10-02 22:00,optimized
EV-001,17,49.1,31.483,False,2026-10-02 22:15,optimized
EV-001,18,49.1,31.483,False,2026-10-02 22:30,optimized
EV-001,19,49.1,31.483,False,2026-10-02 22:45,optimized
EV-001,20,49.1,31.483,False,2026-10-02 23:00,optimized
EV-001,21,49.1,31.483,False,2026-10-02 23:15,optimized
EV-001,22,49.1,31.483,False,2026-10-02 23:30,optimized
EV-001,23,49.1,31.483,False,2026-10-02 23:45,optimized
EV-001,24,49.1,31.483,False,2026-10-03 00:00,optimized
EV-001,25,49.1,31.483,False,2026-10-03 00:15,optimized
EV-001,26,49.1,31.483,False,2026-10-03 00:30,optimized
EV-001,27,49.1,31.483,False,2026-10-03 00:45,optimized
EV-001,28,49.1,31.483,False,2026-10-03 01:00,optimized
EV-001,29,49.1,31.483,False,2026-10-03 01:15,optimized
EV-001,30,49.1,31.483,False,2026-10-03 01:30,optimized
EV-001,31,49.1,31.483,False,2026-10-03 01:45,optimized
EV-001,32,49.1,31.483,False,2026-10-03 02:00,optimized
EV-001,33,49.1,31.483,False,2026-10-03 02:15,optimized
EV-001,34,49.1,31.483,False,2026-10-03 02:30,optimized
EV-001,35,49.1,31.483,False,2026-10-03 02:45,optimized
EV-001,36,49.1,31.483,False,2026-10-03 03:00,optimized
EV-001,37,49.1,31.483,False,2026-10-03 03:15,optimized
EV-001,38,49.1,31.483,False,2026-10-03 03:30,optimized
EV-001,39,49.1,31.483,False,2026-10-03 03:45,optimized
EV-001,40,49.1,31.483,False,2026-10-03 04:00,optimized
EV-001,41,49.1,31.483,False,2026-10-03 04:15,optimized
EV-001,42,49.1,31.483,False,2026-10-03 04:30,optimized
EV-001,43,49.1,31.483,False,2026-10-03 04:45,optimized
EV-001,44,49.1,31.483,False,2026-10-03 05:00,optimized
EV-001,45,49.1,31.483,False,2026-10-03 05:15,optimized
EV-001,46,49.1,31.483,False,2026-10-03 05:30,optimized
EV-001,47,49.1,31.483,False,2026-10-03 05:45,optimized
EV-002,0,34.7,40.141,False,2026-10-02 18:00,optimized
EV-002,1,35.7,41.306,False,2026-10-02 18:15,optimized
EV-002,2,36.7,42.472,False,2026-10-02 18:30,optimized
EV-002,3,37.7,43.638,False,2026-10-02 18:45,optimized
EV-002,4,38.7,44.803,False,2026-10-02 19:00,optimized
EV-002,5,39.7,45.968,False,2026-10-02 19:15,optimized
EV-002,6,40.7,47.134,False,2026-10-02 19:30,optimized
EV-002,7,41.8,48.3,False,2026-10-02 19:45,optimized
EV-002,8,42.8,49.465,False,2026-10-02 20:00,optimized
EV-002,9,43.8,50.63,False,2026-10-02 20:15,optimized
EV-002,10,44.8,51.796,True,2026-10-02 20:30,optimized
EV-002,11,44.8,51.796,True,2026-10-02 20:45,optimized
EV-002,12,44.8,51.796,True,2026-10-02 21:00,optimized
EV-002,13,44.8,51.796,True,2026-10-02 21:15,optimized
EV-002,14,44.8,51.796,True,2026-10-02 21:30,optimized
EV-002,15,44.8,51.796,True,2026-10-02 21:45,optimized
EV-002,16,44.8,51.796,True,2026-10-02 22:00,optimized
EV-002,17,44.8,51.796,True,2026-10-02 22:15,optimized
EV-002,18,44.8,51.796,True,2026-10-02 22:30,optimized
EV-002,19,15.0,17.352,False,2026-10-02 22:45,optimized
EV-002,20,16.0,18.517,False,2026-10-02 23:00,optimized
EV-002,21,17.0,19.683,False,2026-10-02 23:15,optimized
EV-002,22,18.0,20.849,False,2026-10-02 23:30,optimized
EV-002,23,19.0,22.014,False,2026-10-02 23:45,optimized
EV-002,24,20.0,23.18,False,2026-10-03 00:00,optimized
EV-002,25,21.0,24.345,False,2026-10-03 00:15,optimized
EV-002,26,22.1,25.511,False,2026-10-03 00:30,optimized
EV-002,27,23.1,26.676,False,2026-10-03 00:45,optimized
EV-002,28,24.1,27.841,False,2026-10-03 01:00,optimized
EV-002,29,25.1,29.007,False,2026-10-03 01:15,optimized
EV-002,30,26.1,30.172,False,2026-10-03 01:30,optimized
EV-002,31,27.1,31.338,False,2026-10-03 01:45,optimized
EV-002,32,28.1,32.504,False,2026-10-03 02:00,optimized
EV-002,33,29.1,33.669,False,2026-10-03 02:15,optimized
EV-002,34,30.1,34.834,False,2026-10-03 02:30,optimized
EV-002,35,31.1,36.0,False,2026-10-03 02:45,optimized
EV-002,36,32.1,37.166,False,2026-10-03 03:00,optimized
EV-002,37,33.1,38.331,False,2026-10-03 03:15,optimized
EV-002,38,34.1,39.496,False,2026-10-03 03:30,optimized
EV-002,39,35.2,40.662,False,2026-10-03 03:45,optimized
EV-002,40,35.4,40.933,True,2026-10-03 04:00,optimized
EV-002,41,35.4,40.933,True,2026-10-03 04:15,optimized
EV-002,42,35.4,40.933,True,2026-10-03 04:30,optimized
EV-002,43,35.4,40.933,True,2026-10-03 04:45,optimized
EV-002,44,35.4,40.933,True,2026-10-03 05:00,optimized
EV-002,45,35.4,40.933,True,2026-10-03 05:15,optimized
EV-002,46,35.4,40.933,True,2026-10-03 05:30,optimized
EV-002,47,35.4,40.933,True,2026-10-03 05:45,optimized
EV-003,0,51.9,20.532,False,2026-10-02 18:00,optimized
EV-003,1,51.9,20.532,False,2026-10-02 18:15,optimized
EV-003,2,51.9,20.532,False,2026-10-02 18:30,optimized
EV-003,3,51.9,20.532,False,2026-10-02 18:45,optimized
EV-003,4,51.9,20.532,False,2026-10-02 19:00,optimized
EV-003,5,51.9,20.532,False,2026-10-02 19:15,optimized
EV-003,6,51.9,20.532,False,2026-10-02 19:30,optimized
EV-003,7,51.9,20.532,False,2026-10-02 19:45,optimized
EV-003,8,51.9,20.532,False,2026-10-02 20:00,optimized
EV-003,9,51.9,20.532,False,2026-10-02 20:15,optimized
EV-003,10,51.9,20.532,False,2026-10-02 20:30,optimized
EV-003,11,51.9,20.532,False,2026-10-02 20:45,optimized
EV-003,12,51.9,20.532,False,2026-10-02 21:00,optimized
EV-003,13,51.9,20.532,False,2026-10-02 21:15,optimized
EV-003,14,52.4,20.718,False,2026-10-02 21:30,optimized
EV-003,15,52.4,20.718,False,2026-10-02 21:45,optimized
EV-003,16,52.4,20.718,False,2026-10-02 22:00,optimized
EV-003,17,52.4,20.718,False,2026-10-02 22:15,optimized
EV-003,18,52.4,20.718,False,2026-10-02 22:30,optimized
EV-003,19,52.4,20.718,False,2026-10-02 22:45,optimized
EV-003,20,52.4,20.718,False,2026-10-02 23:00,optimized
EV-003,21,52.4,20.718,False,2026-10-02 23:15,optimized
EV-003,22,52.4,20.718,False,2026-10-02 23:30,optimized
EV-003,23,52.4,20.718,False,2026-10-02 23:45,optimized
EV-003,24,52.4,20.718,False,2026-10-03 00:00,optimized
EV-003,25,52.4,20.718,False,2026-10-03 00:15,optimized
EV-003,26,52.4,20.718,False,2026-10-03 00:30,optimized
EV-003,27,52.4,20.718,False,2026-10-03 00:45,optimized
EV-003,28,52.4,20.718,False,2026-10-03 01:00,optimized
EV-003,29,52.4,20.718,False,2026-10-03 01:15,optimized
EV-003,30,52.4,20.718,False,2026-10-03 01:30,optimized
EV-003,31,52.4,20.718,False,2026-10-03 01:45,optimized
EV-003,32,52.4,20.718,False,2026-10-03 02:00,optimized
EV-003,33,52.4,20.718,False,2026-10-03 02:15,optimized
EV-003,34,52.4,20.718,False,2026-10-03 02:30,optimized
EV-003,35,52.4,20.718,False,2026-10-03 02:45,optimized
EV-003,36,52.4,20.718,False,2026-10-03 03:00,optimized
EV-003,37,52.4,20.718,False,2026-10-03 03:15,optimized
EV-003,38,52.4,20.718,False,2026-10-03 03:30,optimized
EV-003,39,52.4,20.718,False,2026-10-03 03:45,optimized
EV-003,40,52.4,20.718,True,2026-10-03 04:00,optimized
EV-003,41,52.4,20.718,True,2026-10-03 04:15,optimized
EV-003,42,52.4,20.718,True,2026-10-03 04:30,optimized
EV-003,43,52.4,20.718,True,2026-10-03 04:45,optimized
EV-003,44,52.4,20.718,True,2026-10-03 05:00,optimized
EV-003,45,52.4,20.718,True,2026-10-03 05:15,optimized
EV-003,46,52.4,20.718,True,2026-10-03 05:30,optimized
EV-003,47,52.4,20.718,True,2026-10-03 05:45,optimized
EV-004,0,48.2,17.988,False,2026-10-02 18:00,optimized
EV-004,1,48.2,17.988,False,2026-10-02 18:15,optimized
EV-004,2,48.2,17.988,False,2026-10-02 18:30,optimized
EV-004,3,48.2,17.988,False,2026-10-02 18:45,optimized
EV-004,4,48.2,17.988,False,2026-10-02 19:00,optimized
EV-004,5,48.2,17.988,False,2026-10-02 19:15,optimized
EV-004,6,48.2,17.988,False,2026-10-02 19:30,optimized
EV-004,7,48.2,17.988,False,2026-10-02 19:45,optimized
EV-004,8,48.2,17.988,False,2026-10-02 20:00,optimized
EV-004,9,48.2,17.988,False,2026-10-02 20:15,optimized
EV-004,10,48.2,17.988,False,2026-10-02 20:30,optimized
EV-004,11,48.2,17.988,False,2026-10-02 20:45,optimized
EV-004,12,51.3,19.154,False,2026-10-02 21:00,optimized
EV-004,13,54.0,20.145,False,2026-10-02 21:15,optimized
EV-004,14,56.6,21.124,False,2026-10-02 21:30,optimized
EV-004,15,59.7,22.29,False,2026-10-02 21:45,optimized
EV-004,16,62.8,23.455,False,2026-10-02 22:00,optimized
EV-004,17,66.0,24.62,False,2026-10-02 22:15,optimized
EV-004,18,69.1,25.786,False,2026-10-02 22:30,optimized
EV-004,19,72.2,26.951,False,2026-10-02 22:45,optimized
EV-004,20,72.2,26.951,False,2026-10-02 23:00,optimized
EV-004,21,72.2,26.951,False,2026-10-02 23:15,optimized
EV-004,22,72.2,26.951,False,2026-10-02 23:30,optimized
EV-004,23,72.2,26.951,False,2026-10-02 23:45,optimized
EV-004,24,72.2,26.951,False,2026-10-03 00:00,optimized
EV-004,25,72.2,26.951,False,2026-10-03 00:15,optimized
EV-004,26,72.2,26.951,False,2026-10-03 00:30,optimized
EV-004,27,72.2,26.951,False,2026-10-03 00:45,optimized
EV-004,28,72.2,26.951,False,2026-10-03 01:00,optimized
EV-004,29,72.2,26.951,False,2026-10-03 01:15,optimized
EV-004,30,72.2,26.951,False,2026-10-03 01:30,optimized
EV-004,31,72.2,26.951,False,2026-10-03 01:45,optimized
EV-004,32,72.2,26.951,False,2026-10-03 02:00,optimized
EV-004,33,72.2,26.951,False,2026-10-03 02:15,optimized
EV-004,34,72.2,26.951,False,2026-10-03 02:30,optimized
EV-004,35,72.2,26.951,False,2026-10-03 02:45,optimized
EV-004,36,72.2,26.951,False,2026-10-03 03:00,optimized
EV-004,37,72.2,26.951,False,2026-10-03 03:15,optimized
EV-004,38,72.2,26.951,False,2026-10-03 03:30,optimized
EV-004,39,72.2,26.951,False,2026-10-03 03:45,optimized
EV-004,40,74.6,27.846,True,2026-10-03 04:00,optimized
EV-004,41,74.6,27.846,True,2026-10-03 04:15,optimized
EV-004,42,74.6,27.846,True,2026-10-03 04:30,optimized
EV-004,43,74.6,27.846,True,2026-10-03 04:45,optimized
EV-004,44,74.6,27.846,True,2026-10-03 05:00,optimized
EV-004,45,74.6,27.846,True,2026-10-03 05:15,optimized
EV-004,46,74.6,27.846,True,2026-10-03 05:30,optimized
EV-004,47,74.6,27.846,True,2026-10-03 05:45,optimized
